Handle,SKU,Name,Category,Description,Sold by weight,Option 1 name,Option 1 value,Option 2 name,Option 2 value,Option 3 name,Option 3 value,Cost,Barcode,SKU of included item,Quantity of included item,Track stock,Available for sale [Route 98 - Minimart],Price [Route 98 - Minimart],In stock [Route 98 - Minimart],Low stock [Route 98 - Minimart],IMAGE LINK
misc,10235,#misc,,,N,,,,,,,0,,,,N,Y,variable,,,https://visualeducation.com/wp-content/uploads/2017/05/product-photography-white-background-pack-shot-posterframe.jpg
1-case-softdrinks,10237,1 Case Softdrinks,DRINKS,,N,,,,,,,210,,,,N,Y,230,,,https://img.freepik.com/premium-photo/bottles-soft-drinks-white-background_495423-33753.jpg
555-sardines-155g,10261,555 SARDINES 155G,FOOD,,N,,,,,,,23.45,748485200019,,,Y,Y,26,12,,https://bf1af2.akinoncloudcdn.com/products/2024/09/11/65182/fc44aba3-b32c-4ac0-8ef8-12a5c8a755ac.jpg
555-sardines-155g-1,10262,555 SARDINES 155G,FOOD,,N,,,,,,,23.45,748485200019,,,Y,Y,25.98,6,,https://bf1af2.akinoncloudcdn.com/products/2024/09/11/65182/fc44aba3-b32c-4ac0-8ef8-12a5c8a755ac.jpg
absolute-6000ml,10277,ABSOLUTE 6000ML,DRINKS,,N,,,,,,,72,4800014700004,,,Y,Y,84.98,2,,https://store.iloilosupermart.com/wp-content/uploads/2020/05/45645-1.jpg
ajinomoto-ssning,10045,AJINOMOTO SSNING,FOOD,,N,,,,,,,0,4801958341100,,,Y,Y,4.98,468,,http://bongveggy.com/cdn/shop/files/image_1024.png?v=1708085200
alfonso-light-1l,10274,ALFONSO LIGHT 1L,DRINKS,,N,,,,,,,278.46,8410028900091,,,Y,Y,319.98,3,,https://centaurusint.net/images/products/WHI3106.png
ariel-sunrise-fresh-t,10269,ARIEL SUNRISE FRESH 66G,Cleaning/Laundry Supplies,,N,,,,,,,14,4902430583169,,,Y,Y,17.98,7,,https://allmartshop.com/cdn/shop/files/ArielPowderSunriseFreshTwinJumboPack66g.jpg?v=1736412902
axion,10021,AXION,Cleaning/Laundry Supplies,<p>KALAMANSI / GREEN</p>,N,,,,,,,0,9556031097058,,,Y,Y,12.98,34,,https://encrypted-tbn0.gstatic.com/images?q=tbn:ANd9GcRVqQdy1gHyfuEmydjYBErVDi20n4SEsGtaJkQP_LN9QA&s
bareta-bar-blue,10093,BARETA BAR BLUE,Cleaning/Laundry Supplies,,N,,,,,,,0,4806020491417,,,Y,Y,24.98,14,,https://shopsuki.ph/cdn/shop/products/4806020491448_800x.jpg?v=1670549363
bareta-bar-kalamansi,10092,BARETA BAR KALAMANSI,Cleaning/Laundry Supplies,,N,,,,,,,0,4806020491431,,,Y,Y,24.98,7,,https://encrypted-tbn0.gstatic.com/images?q=tbn:ANd9GcQ1baA3oWlrfs3ciGo0q32q-D0ZFs-u5W1CVcvnjOsO-g&s
bareta-bar-speckled-blue,10095,BARETA BAR SPECKLED BLUE,Cleaning/Laundry Supplies,,N,,,,,,,0,4806020491448,,,Y,Y,24.98,14,,https://shopsuki.ph/cdn/shop/products/4806020491448_800x.jpg?v=1670549363
bareta-bar-w/-fabcon,10101,BARETA BAR W/ FABCON,Cleaning/Laundry Supplies,,N,,,,,,,0,4806020491509,,,Y,Y,25.98,11,,https://shopsuki.ph/cdn/shop/files/4806020491509_800x.png?v=1717582402
bbrand-swak,10169,BEAR BRAND SWAK,FOOD,,N,,,,,,,9,4800361410816,,,Y,Y,14.98,15,,https://lzd-img-global.slatic.net/g/p/d0d1afd7b66a60722165fc494ca11da5.png_720x720q80.jpg_.webp
bbrand-swak-choco,10170,BEAR BRAND SWAK CHOCO,FOOD,,N,,,,,,,9,4800361409117,,,Y,Y,14.98,16,,https://pinoyhyper.com/cdn/shop/files/bear-brand-fortified-choco-milk-drink-swak-pack-8-x-29g-pinoyhyper-1.jpg?v=1738873985&width=1346
bestguard-epoxy-steel,10313,BESTGUARD EPOXY STEEL,HOME ESSENTIALS,,N,,,,,,,0,6955107678161,,,Y,Y,44.98,14,,https://lzd-img-global.slatic.net/g/ff/kf/Hd0941d8cde224fcea081a645e3ba572fp.jpg_720x720q80.jpg_.webp
blkchili-bbq-7g,10180,BLACK CHILI BBQ 7G,SNACKS,,N,,,,,,,0,4800365221036,,,Y,Y,2,18,,https://cdn.store-assets.com/s/377840/i/17546942.jpg
black-chili-cchips-bbq,10187,BLACK CHILI CORN CHIPS BBQ,SNACKS,,N,,,,,,,0,4800365221067,,,Y,Y,11.98,5,,http://shopsuki.ph/cdn/shop/files/107256334_1024x.png?v=1713330942
c2-230ml,10129,C2 230ML,DRINKS,,N,,,,,,,0,4800016068010,,,Y,Y,17,14,,http://zbga.shopsuki.ph/cdn/shop/files/103756616_1024x.png?v=1719229415
ntrisnk-cheezit,10138,CHEEZ IT,SNACKS,,N,,,,,,,8.25,4800523220079,,,Y,Y,9.98,6,,https://images.kglobalservices.com/www.cheezit.com/en_us/product/product_4509076/prod_img-5536599_white-cheddar-snack-pack.png
cb-clfrna-crnch,10198,CHICK BOY ONION & GARLIC 30G,SNACKS,,N,,,,,,,9.22,4806505854522,,,Y,Y,11.98,47,,https://visualeducation.com/wp-content/uploads/2017/05/packshot_kalr_taylor.jpg
cb-txs-bbq,10197,CHICK BOY TEXAS BBQ 30G,,,N,,,,,,,10,4806505854539,,,Y,Y,12.98,47,,https://mir-s3-cdn-cf.behance.net/project_modules/fs/376219150521707.62fbc80a30b18.png
chippy-bbq-108g,10217,CHIPPY BBQ 108G,SNACKS,,N,,,,,,,24.63,4800016643095,,,Y,Y,29.98,2,,https://bf1af2.a-cdn.akinoncloud.com/products/2024/09/12/72811/ea2eea62-4126-42ff-86fe-0683bb7414a5.jpg
chippy-bbq-25g,10143,CHIPPY BBQ 25G,SNACKS,,N,,,,,,,7.5,4800016642029,,,Y,Y,9.98,20,,http://shopsuki.ph/cdn/shop/files/102064818_1024x.png?v=1685351781
chippy-chilicheese,10144,CHIPPY CHILI CHEESE 25G,SNACKS,,N,,,,,,,0,4800016641008,,,Y,Y,9.98,12,,https://i5.walmartimages.com/seo/Jack-n-Jill-Chippy-Chili-Cheese-Flavored-Corn-Chip-3-88oz-Pack-of-6_4e552433-611b-4286-96bc-c0d6465319a5.cf95a1f450cb72c7a715dd1c40dc9364.jpeg
chiz-curls-18g,10266,CHIZ CURLS 18G,SNACKS,,N,,,,,,,7.25,4800016105746,,,Y,Y,9.98,6,,https://thumbs.dreamstime.com/z/bag-chiz-curls-snack-isolated-white-background-antipolo-city-philippines-february-181372462.jpg
chuckie-110ml,10268,CHUCKIE 110ML,DRINKS,,N,,,,,,,13.2,,,,Y,Y,16,8,,https://cdn.store-assets.com/s/377840/i/36354963.jpg
cloud-9-clssc,10231,CLOUD 9 CLSSC,SNACKS,,N,,,,,,,6.35,4800010961447,,,Y,Y,10,122,,https://aaashoppingcenter.ph/cdn/shop/files/item_9_f1f18b6b-f8bf-44e8-a408-92693196ac7d.jpg?v=1747365200&width=1946
clover-cheesier,10317,CLOVER CHEESIER 24G,SNACKS,,N,,,,,,,7.5,4800216120013,,,Y,Y,9.98,12,,https://shopsuki.ph/cdn/shop/files/4800092332791_800x.jpg?v=1700107585
clvb-1ltr,10273,CLVB 1LTR,DRINKS,,N,,,,,,,189,4800142119648,,,Y,Y,199,3,,https://aaashoppingcenter.ph/cdn/shop/files/item_9_f1f18b6b-f8bf-44e8-a408-92693196ac7d.jpg?v=1747365200&width=1946
cobra-energy-drink-330ml,10241,COBRA ENERGY DRINK 330ML,DRINKS,,N,,,,,,,20,4800611546760,,,Y,Y,25,5,5,https://images.deliveryhero.io/image/darkstores/nv-global-catalog/ph/ddfb11d6-badf-4e2d-8687-62c959c2a3fa.jpg?height=480
coca-cola-1.5ml,10278,COCA COLA 1.5ML,,,N,,,,,,,65.75,4801981116072,,,Y,Y,74.98,4,,https://www.bestwaywholesale.co.uk/img/products/1000/5/5010238015375.jpg
cocacola-1.75l,10115,COCA COLA 1.75L,DRINKS,,N,,,,,,,61.67,4801981116072,,,Y,Y,84.98,11,,https://www.dunnsfoodanddrinks.co.uk/content/images/big_product_images/63933.png
cocacola-orig-190,10109,COCA COLA 190ML,DRINKS,,N,,,,,,,11,4801981127177,,,Y,Y,15,22,,https://static.vecteezy.com/system/resources/previews/047/280/244/large_2x/a-can-of-coca-cola-on-a-white-background-free-photo.jpg
cocacola-1l,10116,COCA COLA 1L,DRINKS,,N,,,,,,,0,,,,Y,Y,50,0,,https://watermans.ca/wp-content/uploads/2023/05/Coke-1L.png
cocacola-237ml,10123,COCA COLA 237ML,DRINKS,,N,,,,,,,0,,,,Y,Y,18,24,,https://jumboargentina.vtexassets.com/arquivos/ids/495563/Coca-Cola-237-Ml-1-22610.jpg?v=636770766419600000
cocacola-orig-290,10107,COCA COLA 290ML,DRINKS,,N,,,,,,,16.5,4801981118502,,,Y,Y,20,0,,https://thumbs.dreamstime.com/z/london-uk-december-bottles-pack-classic-coca-cola-white-background-coca-cola-one-most-popular-soda-products-105731274.jpg
colgate,10246,COLGATE,HOME ESSENTIALS,,N,,,,,,,8.75,8850006325216,,,N,Y,12,,,https://pxmshare.colgatepalmolive.com/PNG_2000/1Kv1-Cnb8QMeg-fCYq4xP.png
corn-bits-halo-halo,10395,CORN BITS HALO HALO,SNACKS,,N,,,,,,,1.09,,,,Y,Y,2,30,,https://shopsuki.ph/cdn/shop/files/4800092332791_800x.jpg?v=1700107585
corn-bits-halo-halo-1,10395Q,CORN BITS HALO HALO,SNACKS,,N,,,,,,,1.09,,,,Y,Y,2,30,,https://shopsuki.ph/cdn/shop/files/4800092332791_800x.jpg?v=1700107585
cream-silk-conditioner-ss/pink,10270,CREAM SILK CONDITIONER SS/PINK,BATH ESSENTIALS,,N,,,,,,,6.25,4800888139306,,,Y,Y,9,21,,http://shoplilimart.com/cdn/shop/files/CreamSilkStandoutStraight-180mL.webp?v=1727847800
creamline--cup-choco-mallow-210ml,10363,CREAMLINE  CUP CHOCO MALLOW 210ML,ICE CREAM 🍦,,N,,,,,,,23.44,4806514103406,,,Y,Y,29.98,11,,https://www.rebisco.com.ph/547-thickbox_default/creamline-cream-cup-choco-mallows.jpg
creamline-1.3-buko-salad,10358,CREAMLINE 1.3 BUKO SALAD,ICE CREAM 🍦,,N,,,,,,,190.75,4806514104403,,,Y,Y,229.98,1,,https://www.rebisco.com.ph/954-thickbox_default/creamline-buco-salad.jpg
creamline-bar-buko-salad,10345,CREAMLINE BAR BUKO SALAD,ICE CREAM 🍦,,N,,,,,,,11.6,4806514102003,,,Y,Y,16.98,10,,https://www.rebisco.com.ph/1011-thickbox_default/creamline-cream-bar-buco-salad.jpg
creamline-bar-cookies-&-creaam,10346,CREAMLINE BAR COOKIES & CREAM,ICE CREAM 🍦,,N,,,,,,,11.6,4806514102010,,,Y,Y,16.98,9,,https://www.rebisco.com.ph/1012-thickbox_default/creamline-cream-bar-cookies-cream.jpg
creamline-bar-rocky-road,10348,CREAMLINE BAR ROCKY ROAD,ICE CREAM 🍦,,N,,,,,,,11.6,4806514102065,,,Y,Y,16.98,10,,https://www.rebisco.com.ph/1489-thickbox_default/creamline-cream-bar-rocky-road.jpg
creamline-bar-ube-queso-pastillas,10347,CREAMLINE BAR UBE QUESO PASTILLAS,ICE CREAM 🍦,,N,,,,,,,11.6,4806514102041,,,Y,Y,16.98,9,,https://www.rebisco.com.ph/1013-thickbox_default/creamline-cream-bar-ube-queso-pastillas.jpg
creamline-cone-berry-choco,10337,CREAMLINE CONE BERRY CHOCO 110ML,ICE CREAM 🍦,,N,,,,,,,18.25,4806514101051,,,Y,Y,23.98,4,,https://www.rebisco.com.ph/1375-thickbox_default/cream-cone-berry-choco-multi.jpg
creamline-cone-choco-queso-110ml,10338,CREAMLINE CONE CHOCO QUESO 110ML,ICE CREAM 🍦,,N,,,,,,,18.25,4806514101068,,,Y,Y,23.98,5,,https://www.rebisco.com.ph/1377-thickbox_default/cream-cone-choco-queso.jpg
creamline-cone-cookies-&-cream,10336,CREAMLINE CONE COOKIES & CREAM 110ML,ICE CREAM 🍦,,N,,,,,,,18.25,4806514101037,,,Y,Y,23.98,5,,https://www.rebisco.com.ph/1373-thickbox_default/cream-cone-cookies-cream.jpg
creamline-cone-rocky-road-110ml,10334,CREAMLINE CONE ROCKY ROAD 110ML,ICE CREAM 🍦,,N,,,,,,,18.25,4806514101006,,,Y,Y,23.98,4,,https://www.rebisco.com.ph/1489-thickbox_default/creamline-cream-bar-rocky-road.jpg
creamline-cone-ube-macapuno-110ml,10335,CREAMLINE CONE UBE MACAPUNO 110ML,ICE CREAM 🍦,,N,,,,,,,18.25,4806514101013,,,Y,Y,23.98,5,,https://www.rebisco.com.ph/1370-thickbox_default/cream-cone-ube-macapuno.jpg
creamline-coolers-chocolate-50ml-1,10381,CREAMLINE COOLERS CHOCOLATE 50ML,ICE CREAM 🍦,,N,,,,,,,9.9,4806514102607,,,Y,Y,13.98,10,,https://sukigrocer.com/cdn/shop/files/Sf5b89d4476e84bb1b66c38340c9c7772e.jpg?v=1745472590
creamline-coolers-mango-50ml,10354,CREAMLINE COOLERS MANGO 50ML,ICE CREAM 🍦,,N,,,,,,,9.9,,,,Y,Y,13.98,10,,https://www.rebisco.com.ph/1395-thickbox_default/cream-cooler-mango.jpg
creamline-coolers-melon-50ml,10371,CREAMLINE COOLERS MELON 50ML,ICE CREAM 🍦,,N,,,,,,,9.9,4806514102720,,,Y,Y,13.98,10,,https://www.rebisco.com.ph/1397-thickbox_default/cream-cooler-melon.jpg
creamline-coolers-strawberry-50ml,10352,CREAMLINE COOLERS STRAWBERRY 50ML,ICE CREAM 🍦,,N,,,,,,,9.9,4806514102737,,,Y,Y,13.98,10,,https://www.rebisco.com.ph/1399-thickbox_default/cream-cooler-strawberry.jpg
creamline-cup-choco-mud-pie-120ml,10364,CREAMLINE CUP CHOCO MUD PIE 210ML,ICE CREAM 🍦,,N,,,,,,,23.44,4806514103413,,,Y,Y,29.98,10,,https://d2j6dbq0eux0bg.cloudfront.net/images/17197054/3266831434.jpg
creamline-family-dou-cookies&cream/choco,10357,CREAMLINE FAMILY DOU COOKIES&CREAM/CHOCO950ML,ICE CREAM 🍦,,N,,,,,,,112.75,4806514104205,,,Y,Y,164.98,9,,https://www.rebisco.com.ph/952-thickbox_default/creamline-double-delight-cookies-cream-and-choco-choco-swirl.jpg
creamline-family-dou-rocky-road/vanilla,10355,CREAMLINE FAMILY DOU ROCKY ROAD/VANILLA 950ML,ICE CREAM 🍦,,N,,,,,,,112.75,4806514104212,,,Y,Y,164.98,1,,https://d2j6dbq0eux0bg.cloudfront.net/images/17197054/3266812413.jpg
creamline-family-duo-cookies&cream/choco,10356,CREAMLINE FAMILY DUO COOKIES&CREAM/CHOCO,ICE CREAM 🍦,,N,,,,,,,112.75,,,,Y,Y,164.98,10,,https://www.rebisco.com.ph/952-thickbox_default/creamline-double-delight-cookies-cream-and-choco-choco-swirl.jpg
creamline-frotees-grapes-50ml,10350,CREAMLINE FROOTEES GRAPES 50ML,ICE CREAM 🍦,,N,,,,,,,8.3,4806514102607,,,Y,Y,12.98,9,,https://www.rebisco.com.ph/1402-thickbox_default/mini-cup-ube.jpg
creamline-frotees-orange-50ml,10349,CREAMLINE FROOTEES ORANGE 50ML,ICE CREAM 🍦,,N,,,,,,,8.3,4806514102614,,,Y,Y,12.98,9,,https://www.rebisco.com.ph/1395-thickbox_default/cream-cooler-mango.jpg
creamline-jumbo-cone-cookies-&-cream-140ml,10340,CREAMLINE JUMBO CONE COOKIES & CREAM 140ML,ICE CREAM 🍦,,N,,,,,,,24.1,4806514101327,,,Y,Y,29.98,5,,https://www.rebisco.com.ph/1373-thickbox_default/cream-cone-cookies-cream.jpg
creamline-jumbo-cone-double-dutch-140ml,10339,CREAMLINE JUMBO CONE DOUBLE DUTCH 140ML,ICE CREAM 🍦,,N,,,,,,,24.1,4806514101303,,,Y,Y,29.98,4,,https://d2j6dbq0eux0bg.cloudfront.net/images/17197054/3266991737.jpg
creamline-jumbo-cone-mango-peanut-140ml,10343,CREAMLINE JUMBO CONE MANGO PEANUT 140ML,ICE CREAM 🍦,,N,,,,,,,24.1,4806514101358,,,Y,Y,29.98,4,,https://cdn.freshful.ro/media/cache/sylius_shop_product_original/b9/fa/01077d1d904e93deab482c8248aa.jpg
creamline-jumbo-cone-rocky-road-140ml,10341,CREAMLINE JUMBO CONE ROCKY ROAD 140ML,ICE CREAM 🍦,,N,,,,,,,24.1,4806514101334,,,Y,Y,29.98,4,,https://www.rebisco.com.ph/1489-thickbox_default/creamline-cream-bar-rocky-road.jpg
creamline-jumbo-cone-ube-queso-140ml,10342,CREAMLINE JUMBO CONE UBE QUESO 140ML,ICE CREAM 🍦,,N,,,,,,,24.1,4806514101341,,,Y,Y,29.98,4,,https://www.rebisco.com.ph/1013-thickbox_default/creamline-cream-bar-ube-queso-pastillas.jpg
creamline-melon-50ml,10353,CREAMLINE MELON 50ML,ICE CREAM 🍦,,N,,,,,,,9.9,,,,Y,Y,16.98,10,,https://www.rebisco.com.ph/1397-thickbox_default/cream-cooler-melon.jpg
creamline-milky-pop-lolly-milk-choco-60ml,10362,CREAMLINE MILKY POP LOLLY MILK CHOCO 60ML,ICE CREAM 🍦,,N,,,,,,,9.88,4806514102966,,,Y,Y,14.98,20,,https://sukigrocer.com/cdn/shop/files/Sf5b89d4476e84bb1b66c38340c9c7772e.jpg?v=1745472590
creamline-mini-cup-choco-marble-75ml,10369,CREAMLINE MINI CUP CHOCO MARBLE 75ML,ICE CREAM 🍦,,N,,,,,,,12.7,4806514103000,,,Y,Y,19.98,9,,https://www.rebisco.com.ph/1403-thickbox_default/mini-cup-chocolate.jpg
creamline-mini-cup-75ml,10368,CREAMLINE MINI CUP CHOCOLATE 75ML,ICE CREAM 🍦,,N,,,,,,,12.7,4806514103031,,,Y,Y,19.98,9,,https://www.rebisco.com.ph/1403-thickbox_default/mini-cup-chocolate.jpg
creamline-mini-cup-ube-75ml,10370,CREAMLINE MINI CUP UBE 75ML,ICE CREAM 🍦,,N,,,,,,,12.7,4806514103017,,,Y,Y,19.98,8,,https://www.rebisco.com.ph/1402-thickbox_default/mini-cup-ube.jpg
creamline-pinipig-chocolate-70ml,10344,CREAMLINE PINIPIG CHOCOLATE 70ML,ICE CREAM 🍦,,N,,,,,,,16.15,4806514102300,,,Y,Y,19.98,66,,https://sukigrocer.com/cdn/shop/files/Sf5b89d4476e84bb1b66c38340c9c7772e.jpg?v=1745472590
creamline-pinoy-classic-buko-pandan-mango-60ml,10361,CREAMLINE PINOY CLASSIC BUKO PANDAN MANGO 60ML,ICE CREAM 🍦,,N,,,,,,,19.08,,,,Y,Y,19.98,10,,https://www.rebisco.com.ph/954-thickbox_default/creamline-buco-salad.jpg
creamline-pinoy-classic-monggo-60ml,10359,CREAMLINE PINOY CLASSIC MANGGO 60ML,ICE CREAM 🍦,,N,,,,,,,13.3,,,,Y,Y,19.98,8,,https://www.rebisco.com.ph/1395-thickbox_default/cream-cooler-mango.jpg
creamline-pinoy-classic-ube-monggo-60-ml,10360,CREAMLINE PINOY CLASSIC UBE MANGGO 60 ML,ICE CREAM 🍦,,N,,,,,,,13.3,,,,Y,Y,19.98,10,,https://www.rebisco.com.ph/1402-thickbox_default/mini-cup-ube.jpg
creamline-sundae-caramel-120ml,10366,CREAMLINE SUNDAE CARAMEL 120ML,ICE CREAM 🍦,,N,,,,,,,15.85,4806514103215,,,Y,Y,24.98,8,,https://api.supermacs.ie/uploads/62b9e4a11524e/medium-62b9e4a11524e.png
creamline-sundae-chocolate120ml,10365,CREAMLINE SUNDAE CHOCOLATE120ML,ICE CREAM 🍦,,N,,,,,,,15.85,4806514103208,,,Y,Y,24.98,10,,https://sukigrocer.com/cdn/shop/files/Sf5b89d4476e84bb1b66c38340c9c7772e.jpg?v=1745472590
creamline-sundaecaramel120ml,10367,CREAMLINE SUNDAE STRAWBERRY 120ML,ICE CREAM 🍦,,N,,,,,,,15.85,4806514103222,,,Y,Y,24.98,10,,https://www.rebisco.com.ph/1410-thickbox_default/sundae-cup-strawberry.jpg
crispy-patata,10146,CRISPY PATATA,SNACKS,,N,,,,,,,0,4800194104869,,,Y,Y,10,7,,https://img.freepik.com/premium-photo/crispy-potato-chips-packet-png-style-white-background_1115207-9190.jpg?w=1480
cutter,10304,CUTTER,HOME ESSENTIALS,,N,,,,,,,15.5,6977591910862,,,Y,Y,20,12,,https://img.freepik.com/premium-photo/cutter-isolated-white-background_75891-2447.jpg
daily-scent-lazy-afternoon,10255,Daily scent lazy afternoon,Perfume cologne,,N,,,,,,,0,4800417059617,,,Y,Y,25,5,2,https://imartgrocersph.com/wp-content/uploads/2020/09/Quake-Overload-Choco-Strawberry-10_s.png
dingdong-hotnspocy,10183,DINGDONG HOTNSPICY 5G,SNACKS,,N,,,,,,,0,4800092331152,,,Y,Y,2,60,,https://dqijfes4b84uc.cloudfront.net/customer-images/1413.JPG?w=750&h=undefined&q=75
dingdong-30g,10155,DINGDONG MIX3D NUT 30G,SNACKS,,N,,,,,,,6.75,4800092332791,,,Y,Y,9.98,10,,https://shopsuki.ph/cdn/shop/files/4800092332791_800x.jpg?v=1700107585
dingdong-mxd-nuts,10153,DINGDONG MIXED NUTS 100G,SNACKS,,N,,,,,,,24,4800092330131,,,Y,Y,29.98,6,,https://shopsuki.ph/cdn/shop/products/Untitleddesign_38_c07edc11-0f25-406b-a307-d76540b63b14_800x.png?v=1656481781
dingdong-mixnuts-5g,10185,DINGDONG MIXNUTS 5G,SNACKS,,N,,,,,,,0,4800092330100,,,Y,Y,2,29,,https://d2j6dbq0eux0bg.cloudfront.net/images/17197054/1299495110.jpg
dingdong-snack-mix-100g,10393,DINGDONG SNACK MIX 100G,SNACKS,,N,,,,,,,24,,,,N,Y,29.98,,,https://shopsuki.ph/cdn/shop/products/Untitleddesign_38_c07edc11-0f25-406b-a307-d76540b63b14_800x.png?v=1656481781
dingdong-snack-mix-100g-1,10393Q,DINGDONG SNACK MIX 100G,SNACKS,,N,,,,,,,24,4800092331732,,,Y,Y,29.98,6,,https://shopsuki.ph/cdn/shop/products/Untitleddesign_38_c07edc11-0f25-406b-a307-d76540b63b14_800x.png?v=1656481781
dingdong-snack-mix-30g,10391,DINGDONG SNACK MIX 30G,SNACKS,,N,,,,,,,6.75,4800092333033,,,Y,Y,9.98,12,,https://shopsuki.ph/cdn/shop/products/Untitleddesign_38_c07edc11-0f25-406b-a307-d76540b63b14_800x.png?v=1656481781
dingdong-mixed-nuts-100g,10392,DINGDONG SNACK MIX SWEET&SPICY 100G,SNACKS,,N,,,,,,,26,4800092331732,,,Y,Y,29.98,5,,https://shopsuki.ph/cdn/shop/products/Untitleddesign_38_c07edc11-0f25-406b-a307-d76540b63b14_800x.png?v=1656481781
don-frank-choco,10051,DON FRANK CHOCO,FOOD,,N,,,,,,,0,710535411683,,,N,Y,19.5,,,https://www.wholesomegoodies.co.uk/cdn/shop/files/FRANK_SCHOCOPACK_1600x.png?v=1727951128
don-frank-coffee-jelly,10047,DON FRANK COFFEE JELLY,FOOD,,N,,,,,,,0,710535411669,,,N,Y,19.5,,,https://cdn.store-assets.com/s/377840/i/49963236.jpeg
don-frank-grass-jelly,10052,DON FRANK GRASS JELLY,FOOD,,N,,,,,,,0,4809012601184,,,N,Y,19.5,,,https://d2j6dbq0eux0bg.cloudfront.net/images/17197054/1458077379.jpg
don-frank-orange,10048,DON FRANK ORANGE,FOOD,,N,,,,,,,0,4809012601177,,,N,Y,19.5,,,https://lzd-img-global.slatic.net/g/p/6474824adcc82cf4017e158359e9b185.png_720x720q80.png
don-frank-pandan,10050,DON FRANK PANDAN,FOOD,,N,,,,,,,0,4809012601122,,,N,Y,19.5,,,https://lzd-img-global.slatic.net/g/p/35049caf4e95f3fe303025219667dcac.png_720x720q80.png
don-frank-red,10053,DON FRANK RED,FOOD,,N,,,,,,,0,4809012601023,,,N,Y,19.5,,,https://lzd-img-global.slatic.net/g/p/fd9a5a34c747d3fd54eaac5fb7e5c95c.png_720x720q80.png
don-frank-strwbrry,10049,DON FRANK STRWBRRY,FOOD,,N,,,,,,,0,4809012601139,,,N,Y,19.5,,,https://img.freepik.com/premium-photo/skillful-strawberry-product-photography-white-background_899449-34012.jpg
don-frank-white,10055,DON FRANK WHITE,FOOD,,N,,,,,,,0,4809012601146,,,N,Y,19.5,,,https://visualeducation.com/wp-content/uploads/2017/05/product-photography-white-background-pack-shot-posterframe.jpg
don-frank-yellow,10054,DON FRANK YELLOW,FOOD,,N,,,,,,,0,4809012601016,,,N,Y,19.5,,,https://p16-oec-common-useast2a.ibyteimg.com/tos-useast2a-i-hyqnpo4tzp-aiso/3fbcf50cc7de4ca0b7e0617929250106~tplv-hyqnpo4tzp-resize-jpeg:800:800.jpeg?dr=15584&t=555f072d&ps=933b5bde&shp=6ce186a1&shcp=e1be8f53&idc=maliva&from=1826719393
downy-antibac,10024,DOWNY ANTIBAC,Cleaning/Laundry Supplies,<p>GREEN / KONTRA KULOB</p>,N,,,,,,,0,4902430873703,,,Y,Y,9,11,,"https://static.wixstatic.com/media/720a1c_7b5539ddda3e4b7095e1c211b597d29a~mv2.png/v1/fit/w_500,h_500,q_90/file.png"
eagle-brown-sugar-250g,10319,EAGLE BROWN SUGAR 250G,FOOD,,N,,,,,,,20,4809011529168,,,Y,Y,24,5,,https://lpagencies.co.za/wp-content/uploads/2024/10/Sugar-White-1KG.jpg
eagle-glue-40gm,10314,EAGLE GLUE 40gm,HOME ESSENTIALS,,N,,,,,,,22.5,6928977601256,,,Y,Y,30,12,,https://img.lazcdn.com/g/p/0370c341ac76b3a2ce8f841db31d3df2.jpg_720x720q80.jpg
eagle-refine-sugar-250g,10318,EAGLE REFINE SUGAR 250G,FOOD,,N,,,,,,,23,4809011529151,,,Y,Y,28.98,6,,https://lpagencies.co.za/wp-content/uploads/2024/10/Sugar-White-1KG.jpg
efficascent25,10005,EFFICASCENT25,ESSENTIAL OILS,<p>25ML</p>,N,,,,,,,0,48035156,,,Y,Y,28.5,9,5,https://lzd-img-global.slatic.net/g/p/4d8b4624c22aa83c2e415ae3504c1d55.png_720x720q80.jpg_.webp
efficascent50,10000,EFFICASCENT50,ESSENTIAL OILS,<p>50ML</p>,N,,,,,,,0,4800011133430,,,Y,Y,53,10,5,https://img.lazcdn.com/g/p/39a5866aea359c893adee1a07ba32bc8.png_720x720q80.png
efficascentx50,10007,EFFICASCENTX50,ESSENTIAL OILS,<p>50ML</p>,N,,,,,,,0,4800011132938,,,Y,Y,90,10,5,https://img.lazcdn.com/g/ff/kf/Sbd7011c1eee8473d98839f9188c7001c3.jpg_720x720q80.jpg
energen-choco,10172,ENERGEN CHOCO,FOOD,,N,,,,,,,8.45,8996001440049,,,Y,Y,12,20,,https://bf1af2.akinoncloudcdn.com/products/2024/09/11/94874/b848d656-1de7-4e65-b112-197b1e143a7e_size3840_cropCenter.jpg
energen-vnla,10171,ENERGEN VNLA,FOOD,,N,,,,,,,8.65,8996001440124,,,Y,Y,11.98,28,5,https://tastysnack.id/cdn/shop/files/2_8bb95275-f41b-427d-92a9-24c14d85c62e_1000x1000.png?v=1707990128
escobar-light-1l,10296,ESCOBAR LIGHT 1L,DRINKS,,N,,,,,,,168.3,8410028903252,,,Y,Y,205,1,,https://i0.wp.com/drinkzyph.com/wp-content/uploads/2021/10/1634080480030.png?fit=1915%2C1924&ssl=1
eveready-battery-aa,10303,EVEREADY BATTERY AA,HOME ESSENTIALS,,N,,,,,,,19.5,34800042112177,,,Y,Y,25,11,,https://eveready.com/apac/malaysia/wp-content/uploads/sites/10/2025/09/EVR-HD-AA.png
eveready-battery-aaa,10302,EVEREADY BATTERY AAA,HOME ESSENTIALS,,N,,,,,,,23.5,8888021800098,,,Y,Y,25,10,,https://primomart.ph/cdn/shop/files/8888021100112_bbebc82f-39f6-4b5e-bd77-4c0951f151aa_1200x1200.jpg?v=1754889839
fita-spreadz,10327,FITA SPREADZ,FOOD,,N,,,,,,,6.95,,,,Y,Y,9.98,10,,https://pinoywarehouse.com.au/wp-content/uploads/2025/02/noodlesLucky-Me-Beef-na-Beef.png
fruit-salad-1,10236,FRUIT SALAD,SNACKS,,N,,,,,,,5.75,4806529170264,,,Y,Y,8,16,,https://img.freepik.com/premium-psd/delicious-fruit-salad-isolated-white-background_826823-248.jpg?w=2000
fuego-match,10044,FUEGO MATCH - PIECE,HOME ESSENTIALS,,N,,,,,,,0,4800112256151,,,N,Y,3,,,https://enjoytheperk.com/cdn/shop/products/67.png?v=1673884009
fundador-light,10121,FUNDADOR LIGHT,DRINKS,,N,,,,,,,0,8410162100296,,,Y,Y,420,3,,https://solidwineonline.com/cdn/shop/files/FundadorLight1000.png?v=1706426591&width=1346
gatorade-(blue-bolt)-500ml,10238,GATORADE (BLUE BOLT) 500ML,DRINKS,,N,,,,,,,42,4803925061141,,,Y,Y,48,10,5,https://ph-test-11.slatic.net/p/9f2db9eedc96e6d439e191d8ec0da978.png
gatorade-blue-bolt-350ml,10190,GATORADE BLUE BOLT 350ML,DRINKS,,N,,,,,,,25.83,4803925350054,,,Y,Y,35,23,,https://dhamart.pk/storage/gatorade-blue-bolt-350ml.webp
gatorade-tropical-fruit-500ml,10191,GATORADE TROPICAL FRUIT 500ML,DRINKS,,N,,,,,,,36.58,,,,Y,Y,46,4,,https://imartgrocersph.com/wp-content/uploads/2020/09/Gatorade-Tropical-Fruit-500mL.png
generic-dw-liq---cal,10091,GENERIC DW LIQ - GRE S,Cleaning/Laundry Supplies,,N,,,,,,,0,,,,Y,Y,20,103,,https://img.freepik.com/premium-photo/blank-white-product-packaging-neutral-background_1127-62384.jpg?w=996
generic-dw-liq---pnk-m,10133,GENERIC DW LIQ - PNK M,,,N,,,,,,,0,,,,Y,Y,30,38,,https://images-na.ssl-images-amazon.com/images/I/619bJCodbcL._UL500_.jpg
generic-dw-liq---pnk-m-1,10134,GENERIC DW LIQ - PNK M,Cleaning/Laundry Supplies,,N,,,,,,,0,,,,Y,Y,25,38,,https://images-na.ssl-images-amazon.com/images/I/619bJCodbcL._UL500_.jpg
generic-dw-liq---pnk-s,10132,GENERIC DW LIQ - PNK S,Cleaning/Laundry Supplies,,N,,,,,,,0,,,,Y,Y,20,55,,https://images-na.ssl-images-amazon.com/images/I/619bJCodbcL._UL500_.jpg
generic-dw-liq---ylw-m,10131,GENERIC DW LIQ - YLW M,Cleaning/Laundry Supplies,,N,,,,,,,0,,,,Y,Y,30,38,,http://www.bites.com.my/cdn/shop/files/1660874629134_2800_9f43e109-f927-47ad-b92d-790f981a948b_1200x1200.png?v=1713788002
generic-dw-liq---lem,10027,GENERIC DW LIQ - YLW S,Cleaning/Laundry Supplies,<p>LEMON / YELLOW</p>,N,,,,,,,0,,,,Y,Y,20,251,,https://www.packnet.co.za/cdn/shop/files/GenericLabelDishwashArtwork.jpg?v=1708598772&width=600
gillette-rubie-blade,10316,GILLETTE RUBIE BLADE,HOME ESSENTIALS,,N,,,,,,,0,4800037111047,,,N,Y,15,,,https://shopsuki.ph/cdn/shop/files/102054319_1024x.png?v=1699520149
great-taste-choco,10221,GREAT TASTE CHOCO,FOOD,,N,,,,,,,12.5,4800016022258,,,Y,Y,15,37,,http://sukli.com/cdn/shop/files/GreatTaste-ChocoCoffeeMix-10PackSachet-30g_1200x1200.jpg?v=1749668683
great-taste-premium-roast,10204,GREAT TASTE PREMIUM ROAST,FOOD,,N,,,,,,,12.35,4800016024917,,,Y,Y,15,27,,http://www.urc.com.ph/images/products/360/e2add3ff0cf0aa97687aa198a7818ffb7482e12a-1773313378.png
great-taste-stick,10194,GREAT TASTE STICK,DRINKS,,N,,,,,,,2.71,4800016012358,,,Y,Y,5,106,,https://lzd-img-global.slatic.net/g/p/16aa9bc1baa8a046ad5ffadb1e132c0c.jpg_720x720q80.jpg
great-taste-white-s.,10205,GREAT TASTE WHITE S.,FOOD,,N,,,,,,,8.2,4800016021039,,,Y,Y,10,30,,http://deaskitchenandpinoydelicacies.com.au/cdn/shop/files/566F07B5-F4D5-4CD4-8139-37F930998925_1200x1200.jpg?v=1725370972
happy-bbq,10182,HAPPY BBQ,SNACKS,,N,,,,,,,0,4800092330629,,,Y,Y,2,40,,https://static.vecteezy.com/system/resources/previews/030/677/419/non_2x/product-shots-of-of-bbq-with-no-background-free-photo.jpg
happy-classic,10179,HAPPY CLASSIC,SNACKS,,N,,,,,,,0,4800092331657,,,Y,Y,2,40,,https://visualeducation.com/wp-content/uploads/2017/05/packshot_kalr_taylor.jpg
happy-hotnspcy,10181,HAPPY HOTNSPCY,SNACKS,,N,,,,,,,0,4800092330698,,,Y,Y,2,25,,https://primomart.ph/cdn/shop/files/4800092330698_f2a40836-ea1d-449b-bf7a-b6a00692aa72_700x700.jpg?v=1754890306
happy-med-colored-diapers,10082,HAPPY MED COLORED DIAPERS,BABY ESSENTIALS,,N,,,,,,,0,4802288852120,,,N,Y,230,,,https://lzd-img-global.slatic.net/g/p/9085893af8ccb0495e8c08067063a32b.png_720x720q80.png
happy-xl-colored,10081,HAPPY XL COLORED,BABY ESSENTIALS,,N,,,,,,,0,4802288864123,,,N,Y,280,,,https://visualeducation.com/wp-content/uploads/2017/05/packshot_kalr_taylor-1024x768.jpg
head&-shoulders(cool-menthol),10243,HEAD& SHOULDERS(COOL MENTHOL),,,N,,,,,,,7,4902430333597,,,Y,Y,9,11,5,https://incidecoder-content.storage.googleapis.com/f534b02d-e930-42aa-b2b4-bdd8437edcbf/products/head-and-shoulders-cool-menthol/head-and-shoulders-cool-menthol_front_photo_original.jpeg
h&s-ss,10020,HEAD& SHOULDERS(SMOOTH & SILKY),BATH ESSENTIALS,<p>SMOOTH AND SILKY / PINK</p>,N,,,,,,,0,4902430698658,,,Y,Y,9,9,,https://i5.walmartimages.com/seo/Head-and-Shoulders-2-in-1-Dandruff-Shampoo-and-Conditioner-Smooth-and-Silky-12-5-oz_60ec9e5e-e789-44eb-beb3-2b2fc25d839e.d9ea9a9fd9ebaae8d2c95a6e299711d4.jpeg
hiho-garlic,10184,HIHO GARLIC,SNACKS,,N,,,,,,,0,4800092331619,,,Y,Y,2,44,,https://thumbs.dreamstime.com/b/garlic-plain-white-background-product-photography-garlic-plain-white-background-isolated-product-photography-studio-286939046.jpg
hobe-chkn-stnghn,10200,HOBE CHKN STNGHN,FOOD,,N,,,,,,,27.49,4800528453601,,,Y,Y,32.5,12,,https://shopsuki.ph/cdn/shop/files/4809011817296_1024x.jpg?v=1697527324
hobe-instant-sotanghon,10199,HOBE INSTANT SOTANGHON,FOOD,,N,,,,,,,27.49,4800528453618,,,Y,Y,32.5,12,,https://shopsuki.ph/cdn/shop/files/4809011817296_1024x.jpg?v=1697527324
holiday-beef-loaf,10260,HOLIDAY BEEF LOAF,FOOD,,N,,,,,,,21,4800066121154,,,Y,Y,25,10,,https://avicatransport.com/cdn/shop/products/holibl150g.jpg?v=1675415195
holiday-luncheon-meat,10071,HOLIDAY LUNCHEON MEAT,FOOD,,N,,,,,,,0,4800066129150,,,Y,Y,38,7,,https://chefsdepot.ca/wp-content/uploads/2022/09/L2615490.jpg
holiday-p&b-170g,10036,HOLIDAY P&B 170G,FOOD,,N,,,,,,,0,4800066120171,,,Y,Y,23,30,,https://shopsuki.ph/cdn/shop/files/4800066120171_1024x.jpg?v=1734590592
holiday-spicy-corned-beef,10069,HOLIDAY SPICY CORNED BEEF,FOOD,,N,,,,,,,0,4800066122304,,,Y,Y,38,2,,http://zbga.shopsuki.ph/cdn/shop/files/4800066122304_6d2be0e1-737a-4835-8aa4-60327fcd4cc3_1024x.jpg?v=1685600137
holiday-vienna-sausage,10070,HOLIDAY VIENNA SAUSAGE,FOOD,,N,,,,,,,0,4800066124902,,,Y,Y,45,28,,https://zbga.shopsuki.ph/cdn/shop/files/37600820530_800x.jpg?v=1706142049
ice-cube-1kl,10298,ICE CUBE 1KG,ICE,,Y,,,,,,,13,,,,Y,Y,25,5,,https://5.imimg.com/data5/IMOB/Default/2025/3/498986786/GX/FJ/BW/75057132/img-20240305-wa0000-3-1743154965003-jpg-500x500.jpg
ice-cube-2kg,10299,ICE CUBE 2KG,ICE,,Y,,,,,,,24,,,,Y,Y,35,5,,"https://res.cloudinary.com/goflink/image/upload/b_rgb:F8F8F8/f_png/w_800,ar_1:1,c_fill,g_south/product-images-prod/55bdc5e1-26a6-4eb0-815a-4c0c49f461a7.png"
ice-cube-3kg,10300,ICE CUBE 3KG,ICE,,N,,,,,,,33,,,,Y,Y,45,-1,,https://multiplastics.co.za/wp-content/uploads/2024/08/Ice-Square.png
keratin-plus-(gold)-20g,10242,KERATIN PLUS (GOLD) 20g,HOME ESSENTIALS,,N,,,,,,,6,4806515161511,,,Y,Y,10,24,5,https://shoplilimart.com/cdn/shop/files/KeratinPlusGold.png?v=1727760208&width=900
kopiko-blk,10174,KOPIKO BLACK 2PK,FOOD,,N,,,,,,,13.4,8998666001702,,,Y,Y,16.98,10,,https://imartgrocersph.com/wp-content/uploads/2020/09/Kopiko-Black-3-in-1-Twin-Pack-60g.png
kopiko-blanca,10175,KOPIKO BLANCA 2PK,FOOD,,N,,,,,,,13.4,8998666001726,,,Y,Y,16.98,10,,https://imartgrocersph.com/wp-content/uploads/2020/09/Kopiko-Blanca-Twin-Pack-52g-400x400.png
kopiko-brown,10176,KOPIKO BROWN 2PK,FOOD,,N,,,,,,,13.4,8998666001719,,,Y,Y,16.98,10,,https://dalidash.ph/cdn/shop/files/8_ff8f66ec-2bc5-4eac-a0de-ec0a2a483788.png?v=1764573040
kropek-ni-mangjuan,10226,KROPEK NI MANGJUAN 90G,SNACKS,,N,,,,,,,23.01,4800016115943,,,Y,Y,29.98,10,,https://images.freshop.ncrcloud.com/1564405684714621830/6a71367e685e94d785ce99f4ad9f0b8c_large.png
la-mia-tuna-afrtda,10233,LA MIA TUNA AFRTDA,FOOD,,N,,,,,,,33.18,,,,Y,Y,38,15,,http://www.lamia.ph/wp-content/uploads/2024/01/Afritada_Tuna-Products-527x800.png
la-mia-tuna-flksnoil,10234,LA MIA TUNA FLKSNOIL,FOOD,,N,,,,,,,33.18,,,,Y,Y,38,14,,http://www.lamia.ph/wp-content/uploads/2024/01/Flakes-in-oil_Tuna-Products.png
la-mia-tuna-hotspcy,10232,LA MIA TUNA HOTSPCY,FOOD,,N,,,,,,,33.18,,,,Y,Y,38,16,,https://www.lamia.ph/wp-content/uploads/2024/01/Hot-Spicy_Tuna-Products.png
lampein---m-12pcs,10028,LAMPEIN - M 12PCS,BABY ESSENTIALS,<p>12 PCS - MEDIUM</p>,N,,,,,,,0,4806506319624,,,Y,Y,125,12,,https://www.srssulit.com/wp-content/uploads/products/8572-1.png
lampein---m-15pcs,10029,LAMPEIN - M 15+1,BABY ESSENTIALS,<p>MEDIUM 15 PCS</p>,N,,,,,,,0,4806506319556,,,Y,Y,155,8,,http://shopsuki.ph/cdn/shop/files/4806506319556_1024x.jpg?v=1718691372
lampein---m-4pcs,10030,LAMPEIN - M 4PCS,BABY ESSENTIALS,,N,,,,,,,0,4806506319723,,,Y,Y,40,4,,https://img.lazcdn.com/g/p/6f2dd7bb106bd08864ea12ae731508a6.png_720x720q80.png
lampein-nb-s-12pcs,10073,LAMPEIN NB-S 12PCS,BABY ESSENTIALS,,N,,,,,,,0,4806506319617,,,Y,Y,110,10,,https://img.lazcdn.com/g/p/c4367a1024aabc606907bc51c30aca05.jpg_720x720q80.jpg
lampein-pants---xl-25+2,10031,LAMPEIN PANTS - XL 25+2,BABY ESSENTIALS,<p>LAMPEIN XL ORANGE</p>,N,,,,,,,0,4806506317149,,,Y,Y,265,1,,https://shopsuki.ph/cdn/shop/files/4806506317149_800x.jpg?v=1731638303
lampein-xxl-12pcs,10078,LAMPEIN XXL 12PCS,BABY ESSENTIALS,,N,,,,,,,0,4806506319372,,,Y,Y,145,4,,https://img.lazcdn.com/g/p/c4367a1024aabc606907bc51c30aca05.jpg_720x720q80.jpg
lemon-square-cheese-cake,10330,LEMON SQUARE CHEESE CAKE,FOOD,,N,,,,,,,7.7,4809010626011,,,Y,Y,11.98,10,,https://pinoywarehouse.com.au/wp-content/uploads/2025/02/noodlesLucky-Me-Beef-na-Beef.png
lemon-square-cheese-cake-pack,10375,LEMON SQUARE CHEESE CAKE PACK,SNACKS,,N,,,,,,,77,4809010626332,,,Y,Y,99.98,1,,https://shopsuki.ph/cdn/shop/files/4800092332791_800x.jpg?v=1700107585
lemon-square-lava-cake,10332,LEMON SQUARE LAVA CAKE,FOOD,,N,,,,,,,7.8,4806018405785,,,Y,Y,9.98,9,,https://pinoywarehouse.com.au/wp-content/uploads/2025/02/noodlesLucky-Me-Beef-na-Beef.png
lemon-square-lava-cake-pack,10378,LEMON SQUARE LAVA CAKE PACK,SNACKS,,N,,,,,,,78,4806018405792,,,Y,Y,89.98,1,,https://shopsuki.ph/cdn/shop/files/4800092332791_800x.jpg?v=1700107585
lemonsquare-inipit,10331,LEMONSQUARE INIPIT,FOOD,,N,,,,,,,5.82,,,,Y,Y,8.98,10,,https://pinoywarehouse.com.au/wp-content/uploads/2025/02/noodlesLucky-Me-Beef-na-Beef.png
lift-berry-bolt-320,10111,LIFT BERRY BOLT 320,DRINKS,,N,,,,,,,14.17,4801981098095,,,Y,Y,18,14,,https://www.chegoeson.com/wp-content/uploads/2026/02/1.jpg
lift-citrus-blast-320,10110,LIFT CITRUS BLAST 320,DRINKS,,N,,,,,,,41.16,4801981098088,,,Y,Y,18,10,,https://www.coca-cola.com/content/dam/onexp/ph/en/brands/lift/lift-lemon-v2.jpg
lion-tiger-katol,10043,LION TIGER KATOL - COIL,HOME ESSENTIALS,,N,,,,,,,0,4800101008884,,,N,Y,5,,,https://www.royplazastore.com/media/208006.jpg
lkyme-beef,10164,LUCKYME BEEF,FOOD,,N,,,,,,,8.95,4807770270017,,,Y,Y,12,24,,https://pinoywarehouse.com.au/wp-content/uploads/2025/02/noodlesLucky-Me-Beef-na-Beef.png
lucky-me-chicken-noodles,10320,LUCKYME CHICKEN NOODLES,FOOD,,N,,,,,,,8.95,4807770270024,,,Y,Y,11.98,12,,https://luckyme.ph/static/uploads/products/product_16_3dbc1962.webp
luckyme-mac-&-cheese,10321,LUCKYME MAC & CHEESE,FOOD,,N,,,,,,,24.25,4807770272660,,,Y,Y,28.98,12,,https://luckyme.ph/static/uploads/products/product_16_3dbc1962.webp
lkyme-pnctcntn-chilimansi,10168,LUCKYME PANCITCANTON CHILIMANSI,FOOD,,N,,,,,,,13,4807770270291,,,Y,Y,15,10,,https://luckyme.ph/static/uploads/products/product_13_e1615d4a.webp
lkyme-pnctcntn-kal,10165,LUCKYME PANCITCANTON KAL,FOOD,,N,,,,,,,0,4807770270123,,,Y,Y,15,10,,https://luckyme.ph/static/uploads/products/product_16_3dbc1962.webp
lkyme-pnctcntn-orig,10166,LUCKYME PANCITCANTON ORIG,FOOD,,N,,,,,,,0,4807770270055,,,Y,Y,15,6,,https://luckyme.ph/static/uploads/products/product_16_3dbc1962.webp
lkyme-pnctcntn-xtrahot,10167,LUCKYME PANCITCANTON XTRAHOT,FOOD,,N,,,,,,,0,4807770271229,,,Y,Y,15,5,,https://luckyme.ph/static/uploads/products/product_15_f69e5ff8.webp
magic-chips-bbq,10224,MAGIC CHIPS BBQ,SNACKS,,N,,,,,,,7.92,4800016082979,,,Y,Y,10,47,,https://unofoodsinc.com/wp-content/uploads/2023/02/100000087918-Magic-Chips-BBQ-100g-201011_1200x1200.jpg
magic-chips-cheese,10195,MAGIC CHIPS CHEESE,SNACKS,,N,,,,,,,7.92,4803925033421,,,Y,Y,10,2,,https://unofoodsinc.com/wp-content/uploads/2023/02/magic-chips-cheese-100g_2.jpg
magic-creams-butter,10214,MAGIC CREAMS BUTTER,SNACKS,,N,,,,,,,5.55,4800016087592,,,Y,Y,9,19,,https://img.lazcdn.com/g/p/8904b2d1a9c1494cd0a545485c5c9efd.jpg_720x720q80.jpg
magic-creams-choco,10213,MAGIC CREAMS CHOCO,SNACKS,,N,,,,,,,5.55,4800016087554,,,Y,Y,9,18,,https://primomart.ph/cdn/shop/files/4800016087561_c0b76434-8fa1-496a-b19c-d556d14c2b7e_700x700.jpg?v=1754891389
magic-creams-condensed,10212,MAGIC CREAMS CONDENSED,SNACKS,,N,,,,,,,5.55,4800016087578,,,Y,Y,9,20,,https://img.lazcdn.com/g/p/cfba06262aedb83707edd2c59f099c94.jpg_720x720q80.jpg
magic-creams-peanut-butter,10211,MAGIC CREAMS PEANUT BUTTER,SNACKS,,N,,,,,,,5.55,4800016087615,,,Y,Y,9,12,,https://primomart.ph/cdn/shop/files/4800016087622_aa5a5d42-8f34-4bc5-8b01-dd9d2ab4ca4d_700x700.jpg?v=1754891401
magic-flakes,10225,MAGIC FLAKES,SNACKS,,N,,,,,,,5.51,4800016087684,,,Y,Y,9,46,,https://www.srssulit.com/wp-content/uploads/products/6346-1.png
magic-flakes-cheese,10210,MAGIC FLAKES CHEESE,SNACKS,,N,,,,,,,5.55,4800016082641,,,Y,Y,9,15,,http://jacknjill-hk.com/wp-content/uploads/2017/04/Magic_Flakes_Cheese_01.png
magic-sarap-sachit,10382,MAGIC SARAP SACHIT,HOME ESSENTIALS,,N,,,,,,,5,48025522,,,Y,Y,7,48,5,http://bongveggy.com/cdn/shop/files/image_1024.png?v=1708085200
magic-sarap-sachit-1,10382@,MAGIC SARAP SACHIT,HOME ESSENTIALS,,N,,,,,,,5,48025522,,,Y,Y,7,48,5,http://bongveggy.com/cdn/shop/files/image_1024.png?v=1708085200
mang-juan-sukang-paombong,10139,MANG JUAN SUKANG PAOMBONG 26G,SNACKS,,N,,,,,,,9.98,4800016110535,,,Y,Y,14.98,6,,https://www.srssulit.com/wp-content/uploads/products/6358-1.png
mang-juan-sukang-paombong-90g,10216,MANG JUAN SUKANG PAOMBONG 90G,SNACKS,,N,,,,,,,22.5,4800016110511,,,Y,Y,29.98,12,,https://seattlemanilaorientalstore.com/wp-content/uploads/2023/06/img_0771-1-scaled.jpeg
mang-juan-sukatsili,10141,MANG JUAN SUKAT SILI 26G,SNACKS,,N,,,,,,,0,4800016110542,,,Y,Y,14.98,1,,https://unofoodsinc.com/wp-content/uploads/2023/02/jack-n-jill-mang-juan-chicharron-90g-espesyal-sukat-sili-p93-2028_image.jpg
mang-juan-suka'tsili-90g,10215,MANG JUAN SUKAT SILI 90G,SNACKS,,N,,,,,,,22.5,4800016110528,,,Y,Y,29.98,15,,https://imartgrocersph.com/wp-content/uploads/2020/09/Mang-Juan-Suka_t-Sili-90g.png
mayon-cream-corn-425g,10034,MAYON CREAM CORN 425G,FOOD,<p>MAYON CREAM STYLE CORN 425G</p>,N,,,,,,,0,4806508624511,,,Y,Y,41.5,3,,"https://static.wixstatic.com/media/e00f4b_89aaaab6891b4806baa37aa7d042887a~mv2.png/v1/fill/w_980,h_980,al_c,q_90,usm_0.66_1.00_0.01,enc_avif,quality_auto/e00f4b_89aaaab6891b4806baa37aa7d042887a~mv2.png"
mayon-whole-kernel,10072,MAYON WHOLE KERNEL,FOOD,,N,,,,,,,0,4806508624504,,,Y,Y,41.5,6,,https://d2j6dbq0eux0bg.cloudfront.net/images/17197054/2809790688.jpg
megasoft-tissue,10076,MEGASOFT TISSUE,HOME ESSENTIALS,,N,,,,,,,0,4806506316005,,,Y,Y,17.5,0,,https://megasoft.com.ph/wp-content/uploads/2020/10/megasoft-tissue-12s-1024x1024.jpg
mighty-bond,10315,MIGHTY BOND,HOME ESSENTIALS,,N,,,,,,,0,4800374032135,,,Y,Y,15,176,,"https://static.wixstatic.com/media/13e9db_a8457759bfb346c897f11b5df0f98161~mv2.png/v1/fill/w_1920,h_1080,al_c/13e9db_a8457759bfb346c897f11b5df0f98161~mv2.png"
milo,10173,MILO,FOOD,,N,,,,,,,9.25,4800361413480,,,Y,Y,12,45,20,https://images.ctfassets.net/b9z5sch0zany/3KZ5MXoHHZRESzJINbuBCH/cd632db27b788f94935d6b0339c9a2ca/Milo-3.2kg.png
minute-maid-250,10118,MINUTE MAID 250,DRINKS,,N,,,,,,,0,4801981120147,,,Y,Y,12,8,,https://pinoycupidgifts.com/wp-content/uploads/2022/09/Minute-Maid-Fresh-250ml.jpg
misua-pack-12s,10041,MISUA PACK 12S,FOOD,,N,,,,,,,0,4809011532809,,,Y,Y,52,7,,https://shopsuki.ph/cdn/shop/files/4809013948059b_800x.jpg?v=1695004423
misua-per-piece,10042,MISUA PER PIECE,FOOD,,N,,,,,,,0,,,,Y,Y,5,98,,https://bestsproutshop.com/cdn/shop/products/misua__fessen_ecosprout3_1024x1024.jpg?v=1634103991
moby-caramel,10152,MOBY CARAMEL,SNACKS,,N,,,,,,,8.25,4800523220802,,,Y,Y,10,9,,http://sigemart.com/cdn/shop/files/moby-caramel-puffs-60g-nutri-snack-pinoyhyper.png?v=1738785278
moby-crunchy-chocolate,10389,MOBY CRUNCHY CHOCOLATE,SNACKS,,N,,,,,,,8.25,4800523220284,,,Y,Y,9.98,6,,http://sigemart.com/cdn/shop/files/moby-caramel-puffs-60g-nutri-snack-pinoyhyper.png?v=1738785278
modess-w/-wings-8pcs,10080,MODESS W/ WINGS 8PCS,FEMININE CARE,,N,,,,,,,0,8850007371403,,,Y,Y,52,0,,https://st-b.medsgo.ph/images/detailed/33/modess-long-wings.png
monde-special-mamon,10333,MONDE SPECIAL MAMON,FOOD,,N,,,,,,,16,4807770121326,,,Y,Y,29.98,6,,https://pinoywarehouse.com.au/wp-content/uploads/2025/02/noodlesLucky-Me-Beef-na-Beef.png
monde-special-mamon-pack,10376,MONDE SPECIAL MAMON PACK,,,N,,,,,,,96,4807770121333,,,Y,Y,149.98,2,,https://shopsuki.ph/cdn/shop/files/4800092332791_800x.jpg?v=1700107585
monggo,10060,MONGGO,FOOD,,N,,,,,,,0,,,,Y,Y,25,44,,https://media.istockphoto.com/id/505767523/photo/green-bean-or-mung-beans-isolated-on-white-background.jpg?s=612x612&w=0&k=20&c=rX7ePQYSX9jAJUrQKHp6m5H-uLcIhQgDwUX5OV2Q3Io=
mountain-dew-(290ml),10239,MOUNTAIN DEW (290ML),DRINKS,,N,,,,,,,16.35,4803925130328,,,Y,Y,20,15,5,https://cdn.store-assets.com/s/377840/i/16427684.jpeg
mountain-dew-1.5l,10275,MOUNTAIN DEW 1.5L,DRINKS,,N,,,,,,,62,4803925151149,,,Y,Y,72,3,,https://ph-test-11.slatic.net/p/33ceb84a100886d5640b045f5749b38d.png
mr-chips-manamis-mais,10219,MR CHIPS MANAMIS MAIS 45G,SNACKS,,N,,,,,,,8.19,4800016666445,,,Y,Y,12.98,55,,https://images.freshop.ncrcloud.com/1564405684713800049/c7af25345f36b4bbcd9424e22faf3169_large.png
mr-chips-nacho-cheese-98g,10218,MR CHIPS NACHO CHEESE 98G,SNACKS,,N,,,,,,,22.5,4800016653094,,,Y,Y,29.98,2,,https://p16-oec-va.ibyteimg.com/tos-maliva-i-o3syd03w52-us/50c9e59b332e480d86777c6bfdcd1cde~tplv-o3syd03w52-resize-jpeg:800:800.jpeg?dr=15584&t=555f072d&ps=933b5bde&shp=6ce186a1&shcp=e1be8f53&idc=maliva&from=1826719393
mr.-chips-24g,10148,MR. CHIPS  NACHO CHEEZE 4G,SNACKS,,N,,,,,,,7,4800016652035,,,Y,Y,9.98,8,,https://ever.ph/cdn/shop/files/9000010269-Jack-n-Jill-Mr-Chips-Nacho-Cheese-24g-240806.jpg?v=1723427372
muncher-green-peas,10394,MUNCHER GREEN PEAS,SNACKS,,N,,,,,,,1.09,4806511010080,,,N,Y,2,,,https://shopsuki.ph/cdn/shop/files/4800092332791_800x.jpg?v=1700107585
natalicious,10196,natalicious,SNACKS,,N,,,,,,,0,4806529170271,,,Y,Y,10,8,,https://visualeducation.com/wp-content/uploads/2017/05/packshot_kalr_taylor.jpg
nature's-spring-1000ml,10188,NATURE'S SPRING 1000ML,DRINKS,,N,,,,,,,15.5,4800049720121,,,Y,Y,25,0,,http://www.magicstarsupermarket.com/cdn/shop/products/Natures-Spring-Purified-Water-1L-500x500-product_popup_1200x1200.png?v=1594886657
nescafe-creamy-white,10127,NESCAFE CREAMY WHITE TWIN PACK,FOOD,,N,,,,,,,14,4800361416726,,,Y,Y,17,5,,https://store.iloilosupermart.com/wp-content/uploads/2025/04/43636547.jpg
nescafe-original-2pk,10128,NESCAFE ORIGINAL TWIN PACK,FOOD,,N,,,,,,,14,4800361415347,,,Y,Y,17,13,,https://images.deliveryhero.io/image/darkstores/nv-global-catalog/ph/205be0cb-7c4d-4549-a1e4-8229aa866dac.png?height=480&dpi=2
nescafe-stick,10189,NESCAFE STICK,FOOD,,N,,,,,,,3.25,4800361339568,,,Y,Y,5,72,,https://purewaterkl.com/wp-content/uploads/2022/04/NESCAFE®-Classic-Stickpack.jpg
nestle-(almond-brownie-fudge)750ml,10287,NESTLE 2in1 ALMOND BROWNIE FUDGE& COOKIES 750ML,ICE CREAM 🍦,,N,,,,,,,168,4806534190837,,,Y,Y,209.98,2,,https://smmarkets.ph/media/catalog/product/2/0/20347331_nestle_ice_cream_almond_brownie_fudge_1.3_copy.png
nestle-(rocky-road)-750ml,10288,NESTLE 2in1 ROCKY ROAD & DOUBLE DUTCH 750ML,ICE CREAM 🍦,,N,,,,,,,168,4806534190820,,,Y,Y,209.98,0,,https://assets.unileversolutions.com/v1/124824338.png
nestle-(almond-brownie-fudge)1.3l,10289,NESTLE ALMOND BROWNIE FUDGE 1.3L,ICE CREAM 🍦,,N,,,,,,,280,4806534190486,,,Y,Y,349.98,1,,https://images.deliveryhero.io/image/darsktores-ph/food/4800361394970.png?height=480
nestle-(chocolate)1.3l,10290,NESTLE CHOCOLATE 1.3L,ICE CREAM 🍦,,N,,,,,,,275,4806534190479,,,Y,Y,344.98,1,,https://philfastfood.com/wp-content/uploads/2024/12/detail_3301_choco_classic-1.png
nestle-(classic-affogato-sundae)750ml,10285,NESTLE CLASSIC AFFOGATO SUNDAE 750ML,ICE CREAM 🍦,,N,,,,,,,214,4806534190912,,,Y,Y,267.98,2,,https://images.freshop.ncrcloud.com/1764405684715222444/4a451cfd6f92a79965ad5b10aa1b6b05_large.png
nestle-(cookie's-&-cream)1.3l,10291,NESTLE COOKIE'S & CREAM 1.3L,ICE CREAM 🍦,,N,,,,,,,275,4806534190516,,,Y,Y,343.98,3,,https://images.freshop.ncrcloud.com/1564405684702508881/e6a93831e90a1d2bd17d329a4a2afce9_large.png
nestle-(double-dutch)1.3l,10292,NESTLE DOUBLE DUTCH 1.3L,ICE CREAM 🍦,,N,,,,,,,291,4806534190523,,,Y,Y,363.98,1,,https://images.freshop.ncrcloud.com/1564405684702508878/882bb5abd4fba400bd53dcbb8880ca87_large.png
nestle-koko-crunch,10322,NESTLE KOKO CRUNCH,FOOD,,N,,,,,,,6.08,4800361328463,,,Y,Y,9.98,10,,https://images.ctfassets.net/b9z5sch0zany/3KZ5MXoHHZRESzJINbuBCH/cd632db27b788f94935d6b0339c9a2ca/Milo-3.2kg.png
nestle-(mango)1.3l,10297,NESTLE MANGO 1.3L,ICE CREAM 🍦,,N,,,,,,,265,4806534190288,,,Y,Y,331.98,2,,https://philfastfood.com/wp-content/uploads/2024/12/detail_3304_mango_classic-1.png
nestle-(mango-cheesecake)750ml,10283,NESTLE MANGO CHEESECAKE 750ML,ICE CREAM 🍦,,N,,,,,,,214,4806534190929,,,Y,Y,267.98,2,,https://images.freshop.ncrcloud.com/1764405684715222450/84a2a16489b547322735b917f8ef21c8_large.png
nestle-(mocha-&-cashew)1.3l,10295,NESTLE MOCHA & CASHEW 1.3L,ICE CREAM 🍦,,N,,,,,,,280,4806534190493,,,Y,Y,351.98,2,,https://lzd-img-global.slatic.net/g/p/e1518bb6b646ce4afc0c2667ed23b63f.png_720x720q80.png
nestle-(rocky-road)1.3l,10294,NESTLE ROCKY ROAD 1.3L,ICE CREAM 🍦,,N,,,,,,,280,4806534190509,,,Y,Y,351.98,1,,https://images.freshop.ncrcloud.com/1564405684702508880/f0f0e25d60129dcfa4f9b817834eeb08_large.png
nestle-(salted-caramel-sundae),10286,NESTLE SALTED CARAMEL SUNDAE 750ML,ICE CREAM 🍦,,N,,,,,,,114,4806534190905,,,Y,Y,267.98,2,,https://images.freshop.ncrcloud.com/1764405684715222448/bd222254e6c0eee7894e6708e77a9f69_large.png
nestle-(ube)1.3l,10293,NESTLE UBE 1.3L,ICE CREAM 🍦,,N,,,,,,,265,4806534190271,,,Y,Y,331.98,2,,https://images.freshop.ncrcloud.com/1564405684702508852/9c35d1ddc0a2fe7228e1d9e32a22d726_large.png
nestle-vanilla-1.3ml-1,10351Q,NESTLE VANILLA 1.3ML,ICE CREAM 🍦,,N,,,,,,,265.2,,,,Y,Y,331.98,2,,https://www.bestwaywholesale.co.uk/img/products/1000/5/5010238015375.jpg
nips-milk-choco,10206,NIPS MILK CHOCO,SNACKS,,N,,,,,,,5.87,480001604268,,,Y,Y,8,6,,https://urc.com.my/wp-content/uploads/2024/03/Nips-Milk-Choco-70g.png
nips-peanut,10203,NIPS PEANUT,SNACKS,,N,,,,,,,5.87,4800361339568,,,Y,Y,8,13,,https://primomart.ph/cdn/shop/files/4800016043246_8941f74d-a78c-459c-84a3-299641189311_1200x1200.jpg?v=1754892340
nips-white-choco,10258,NIPS WHITE CHOCO PACK,SNACKS,,N,,,,,,,28.95,4800016043093,,,Y,Y,35,22,,http://nesabel.com/cdn/shop/products/nips_white_chocolate_candy_coated_creamy_white_chocolate_40g_1200x1200.png?v=1631907148
nips-white-choco-piece,10259,NIPS WHITE CHOCO PIECE,SNACKS,,N,,,,,,,1.2,,,,Y,Y,2,24,,http://nesabel.com/cdn/shop/products/nips_white_chocolate_candy_coated_creamy_white_chocolate_40g_1200x1200.png?v=1631907148
nissin-bread-stix,10325,NISSIN BREAD STIX,FOOD,,N,,,,,,,6.15,4807770100703,,,Y,Y,9.98,6,,https://pinoywarehouse.com.au/wp-content/uploads/2025/02/noodlesLucky-Me-Beef-na-Beef.png
nissin-bread-stix-pack,10380,NISSIN BREAD STIX PACK,SNACKS,,N,,,,,,,61.5,4807770101502,,,Y,Y,84.98,1,,https://shopsuki.ph/cdn/shop/files/4800092332791_800x.jpg?v=1700107585
nissin-butter-coconut,10324,NISSIN BUTTER COCONUT,SNACKS,,N,,,,,,,3.27,4807770120473,,,Y,Y,5.98,12,5,https://shopsuki.ph/cdn/shop/files/4800092332791_800x.jpg?v=1700107585
nissin-butter-coconut-pack,10377,NISSIN BUTTER COCONUT PACK,SNACKS,,N,,,,,,,39.25,4807770100529,,,Y,Y,54.98,3,,https://shopsuki.ph/cdn/shop/files/4800092332791_800x.jpg?v=1700107585
nissin-cup-noodles-spcyhtbf,10228,NISSIN CUP NOODLES SPCYHTBF,FOOD,,N,,,,,,,22.01,,,,Y,Y,30,8,,https://www.nissinfoods.com.sg/en_sg/brands/items/9524/image.png
nissin-cup-noodles-spcysf,10229,NISSIN CUP NOODLES SPCYSF,FOOD,,N,,,,,,,22.01,,,,Y,Y,30,8,,https://filipino.is/wp-content/uploads/2023/04/nissin-cup-noodle-mini-spicy-seafoods-40g_2.jpg
nissin-eggnog-cookies,10326,NISSIN EGGNOG COOKIES,FOOD,,N,,,,,,,6.72,4807770101854,,,Y,Y,8.98,10,,https://pinoywarehouse.com.au/wp-content/uploads/2025/02/noodlesLucky-Me-Beef-na-Beef.png
nissin-eggnog-cookies-pack,10379,NISSIN EGGNOG COOKIES PACK,SNACKS,,N,,,,,,,0,4807770100963,,,Y,Y,variable,0,,https://shopsuki.ph/cdn/shop/files/4800092332791_800x.jpg?v=1700107585
nissin-wafer-choco,10323,NISSIN WAFER CHOCO,FOOD,,N,,,,,,,2.7,4807770120213,,,Y,Y,4.98,40,,https://pinoywarehouse.com.au/wp-content/uploads/2025/02/noodlesLucky-Me-Beef-na-Beef.png
nobrelli-(choco-keso-ube)1.3l,10281,NOBRELLI CHOCO-KESO-UBE 1.3L,ICE CREAM 🍦,,N,,,,,,,168,4806534190066,,,Y,Y,210.98,5,,https://d2j6dbq0eux0bg.cloudfront.net/images/17197054/2650348632.jpg
nobrelli-(choco-mangga-ube)-1.3l,10282,NOBRELLI CHOCO-MANGGA-UBE 1.3L,ICE CREAM 🍦,,N,,,,,,,168,4806534190073,,,Y,Y,210.98,5,,https://zbga.shopsuki.ph/cdn/shop/files/4806534190073_1024x.jpg?v=1744796086
nobrelli-(choco-pandan-ube)-1.3l,10280,NOBRELLI CHOCO-PANDAN-UBE 1.3L,ICE CREAM 🍦,,N,,,,,,,168,4806534190080,,,Y,Y,210.98,5,,https://store.iloilosupermart.com/wp-content/uploads/2020/05/564564564.png
nova-cntry-chddr-fs,10149,NOVA COUNTRY CHEDDAR 20G,SNACKS,,N,,,,,,,6.5,,,,Y,Y,8.98,7,,http://shopsuki.ph/cdn/shop/products/102064889_1024x.png?v=1689930099
nutriboost-choco-110,10112,NUTRIBOOST CHOCO 110,DRINKS,,N,,,,,,,0,4801981190119,,,Y,Y,15,19,,https://www.srssulit.com/wp-content/uploads/products/2004891794-1.png
nutriboost-strwbrry-110,10113,NUTRIBOOST STRWBRRY 110,DRINKS,,N,,,,,,,0,4801981189526,,,Y,Y,15,18,,http://sukigrocer.com/cdn/shop/files/4ed9d89822e76984b26bc1e1765cffd3.jpg?v=1702611889
odong,10039,ODONG PACK,FOOD,,N,,,,,,,0,4809011532823,,,Y,Y,40,6,,https://lzd-img-global.slatic.net/g/ff/kf/Sb30567e7d6e14dccbef2a6d83e70a5d1q.jpg_720x720q80.jpg
odong-per-piece,10040,ODONG PER PIECE,FOOD,,N,,,,,,,0,,,,Y,Y,4,72,,https://static.vecteezy.com/system/resources/previews/075/631/138/large_2x/blank-white-product-packaging-on-neutral-background-photo.jpg
oishi-cracklings,10130,OISHI CRACKLINGS,SNACKS,,N,,,,,,,7.5,4800194116084,,,Y,Y,10,8,,https://www.oishi.com.ph/wp-content/uploads/2017/04/RC-UA-500px-x-500px-01-1024x1024.png
oishi-onion-rngs,10137,OISHI ONION RNGS,SNACKS,,N,,,,,,,7.5,4800194104982,,,Y,Y,10,5,,https://www.oishi.com.ph/wp-content/uploads/2017/04/onion-rings-18g-copy.png
oishi-potato-fries,10088,OISHI Potato Fries,SNACKS,,N,,,,,,,7.5,4800194104777,,,Y,Y,10,9,,https://shopsuki.ph/cdn/shop/products/103879726_800x.png?v=1681361542
oishi-prwn-crckrs,10136,OISHI PRAWN CRACKERS  NATURAL  24G,SNACKS,,N,,,,,,,7.5,4800194104951,,,Y,Y,9.98,10,,https://www.oishi.com.ph/wp-content/uploads/2017/04/oishi-prawn-crackers-100g-copy.png
oishi-prwn-crckrs-spcy-1,10142,OISHI PRAWN CRACKERS SPICY 24G,SNACKS,,N,,,,,,,7.5,4800194104968,,,Y,Y,9.98,1,,https://www.oishi.com.ph/wp-content/uploads/2017/04/oishi-prawn-crackers-spicy-100g-copy.png
oishi-prwn-crckrs-spcy,10135,OISHI PRAWN CRACKERS SWEET & EXTRA HOT 24G,SNACKS,,N,,,,,,,7.5,4800194104951,,,Y,Y,9.98,8,,https://www.oishi.com.ph/wp-content/uploads/2017/04/oishi-prawn-crackers-100g-copy.png
oishi-rinbee,10140,OISHI RINBEE,SNACKS,,N,,,,,,,7.5,4891208040181,,,Y,Y,10,7,,https://almerepinoystore.com/wp-content/uploads/2023/08/Rinbee-Cheese-Sticks.png
omega120,10004,OMEGA120,ESSENTIAL OILS,<p>120ML</p>,N,,,,,,,0,4800011736044,,,Y,Y,120,3,0,https://salonmanasen.com/wp-content/uploads/2023/11/Omega-120-gelules.webp
omega15,10006,OMEGA15,ESSENTIAL OILS,<p>15ML</p>,N,,,,,,,0,4800011736013,,,Y,Y,22.5,7,5,https://static.vecteezy.com/system/resources/previews/052/648/683/large_2x/omega-3-supplements-on-white-background-png.png
omega30ml,10002,OMEGA30,ESSENTIAL OILS,<p>30ML</p>,N,,,,,,,0,4800011736020,,,Y,Y,41,13,5,https://static.vecteezy.com/system/resources/previews/052/648/683/large_2x/omega-3-supplements-on-white-background-png.png
omega60,10003,OMEGA60,ESSENTIAL OILS,<p>60ML</p>,N,,,,,,,0,4800011736037,,,Y,Y,67,4,0,https://imsnaturally.com/wp-content/uploads/2022/07/ultimate-omega-60-600x1000.jpg
oreo-1l,10284,OREO 1L,ICE CREAM 🍦,,N,,,,,,,312,4800361373029,,,Y,Y,389.98,3,,https://foodpanda.dhmedia.io/image/darsktores-ph/food/4800361373029.jpg?height=480
oreo-ice-cream-110ml,19,OREO ICE CREAM 110ML,ICE CREAM 🍦,,N,,,,,,,55,4806534190417,,,Y,Y,62.98,17,10,https://www.bestwaywholesale.co.uk/img/products/1000/5/5010238015375.jpg
oreo-ice-cream-450,10279,OREO ICE CREAM 450ML,ICE CREAM 🍦,,N,,,,,,,160,4800361404747,,,Y,Y,199.98,2,,https://d2j6dbq0eux0bg.cloudfront.net/images/17197054/1542284857.jpg
osaka-sardines,10201,OSAKA SARDINES,FOOD,,N,,,,,,,23.39,4800036999929,,,Y,Y,27,32,,https://static.vecteezy.com/system/resources/previews/068/978/728/non_2x/an-open-tin-of-sardines-on-a-white-background-free-photo.jpg
overload-blkfrst,10222,OVERLOAD BLKFRST,SNACKS,,N,,,,,,,7.92,4800016112430,,,Y,Y,10,8,,https://img.freepik.com/premium-photo/empty-two-black-product-packets-white-background-mock-up-3d-rendering_670147-45647.jpg?w=996
overload-blkfrst-10s,10254,OVERLOAD BLKFRST 10S,SNACKS,,N,,,,,,,79.2,4800016112423,,,Y,Y,90,8,,https://img.freepik.com/premium-photo/empty-black-product-packet-white-background-mock-up-3d-rendering_670147-12669.jpg?w=740
overlaod-choco-strwbrry,10223,OVERLOAD CHOCO STRWBRRY,SNACKS,,N,,,,,,,7.92,4800016112379,,,Y,Y,10,7,,https://imartgrocersph.com/wp-content/uploads/2020/09/Quake-Overload-Choco-Strawberry-10_s.png
overload-chocostrwbrry-1,10256,OVERLOAD CHOCOSTRWBRRY,SNACKS,,N,,,,,,,79.2,4800016112386,,,Y,Y,90,9,,https://imartgrocersph.com/wp-content/uploads/2020/09/Quake-Overload-Choco-Strawberry-10_s.png
palmolive-ad+sh,10018,PALMOLIVE AD+SH,BATH ESSENTIALS,<p>ANTIDANDRUFF+SCALPHEALTH / BLUE</p>,N,,,,,,,0,8850006480748,,,Y,Y,9,24,,https://mir-s3-cdn-cf.behance.net/project_modules/2800_opt_1/c31145100508975.5f0a61af26bf7.jpg
palmolive-im,10017,PALMOLIVE IM,BATH ESSENTIALS,<p>INTENSIVE MOISTURE / PINK</p>,N,,,,,,,0,8850006493014,,,Y,Y,9,41,,http://sukli.com/cdn/shop/products/PalmoliveNaturals-Whitewith100_NaturalMilkProtein-115G_1200x1200.jpg?v=1673634160
palmolive-ss,10016,PALMOLIVE SS,BATH ESSENTIALS,<p>SILKY STRAIGHT</p>,N,,,,,,,0,8850006493045,,,Y,Y,9,57,,"https://raicdn.nl/cdn-cgi/image/width=3840,quality=75,format=auto,sharpen=1/https://edge.sitecorecloud.io/raiamsterda13f7-raidigitalpdb6c-productionf3f5-ef30/media/project/rai-amsterdam-xmc/huishoudbeurs/huishoudbeurs/migratie/palmolive-packshot.png"
palmolive-us,10019,PALMOLIVE US,BATH ESSENTIALS,<p>ULTRASMOOTH / GREEN</p>,N,,,,,,,0,8850006493038,,,Y,Y,9,181,,https://mir-s3-cdn-cf.behance.net/projects/404/fd3fa5235370591.Y3JvcCwyMjA0LDE3MjQsMzI3LDQ4MA.jpg
pampers-nb-4pcs,10074,PAMPERS NB 4PCS,BABY ESSENTIALS,,N,,,,,,,0,4902430615273,,,Y,Y,50,16,,https://media.karousell.com/media/photos/products/2023/4/9/bundle_of_4_packs_pampers_baby_1681015788_94bb7b64_progressive.jpg
peewee-pzza-sprm,10156,PEEWEE PZZA SUPREME,SNACKS,,N,,,,,,,8.5,4800523220376,,,Y,Y,9.98,2,,https://store.iloilosupermart.com/wp-content/uploads/2025/05/PEEWEE-Pizza-Supreme-2019-480x640-1.png
peewee-sizzling-barbeque-25g,10387,PEEWEE SIZZLING BARBEQUE 25G,SNACKS,,N,,,,,,,8.25,4800523220031,,,Y,Y,9.98,12,,https://store.iloilosupermart.com/wp-content/uploads/2025/05/PEEWEE-Pizza-Supreme-2019-480x640-1.png
peewee-sizzling-bbq-25g,10388,PEEWEE SIZZLING BBQ 25G,SNACKS,,N,,,,,,,8.25,4800523220031,,,Y,Y,9.98,12,,https://store.iloilosupermart.com/wp-content/uploads/2025/05/PEEWEE-Pizza-Supreme-2019-480x640-1.png
peewee-spcy-chili,10154,PEEWEE SPICY CHILI 25G,SNACKS,,N,,,,,,,8.25,4800523220659,,,Y,Y,9.98,21,,https://nutristateline.com/wp-content/uploads/2024/08/PW-Spicy-Chili-2019-.jpg
pepsi-extra-fizz-1.5l,10372,PEPSI EXTRA FIZZ 1.5L,DRINKS,,N,,,,,,,59.75,4803925151101,,,Y,Y,64.98,4,3,https://watermans.ca/wp-content/uploads/2023/05/Coke-1L.png
pepsi-extra-fizz-195ml,10383,PEPSI EXTRA FIZZ 195ML,DRINKS,,N,,,,,,,11,4803925130397,,,N,Y,15,,,https://watermans.ca/wp-content/uploads/2023/05/Coke-1L.png
pepsi-extra-fizz-195ml-1,10383Q,PEPSI EXTRA FIZZ 195ML,DRINKS,,N,,,,,,,11,4803925130397,,,N,Y,15,,,https://watermans.ca/wp-content/uploads/2023/05/Coke-1L.png
pepsi-extra-fizz-195ml-2,10383QQ,PEPSI EXTRA FIZZ 195ML,DRINKS,,N,,,,,,,11,4803925130397,,,N,Y,15,,,https://watermans.ca/wp-content/uploads/2023/05/Coke-1L.png
pepsi-extra-fizz-1l,10251,PEPSI EXTRA FIZZ 1L,DRINKS,,N,,,,,,,41,4803925370212,,,Y,Y,55,5,,https://img.lazcdn.com/g/ff/kf/Sb43bb8c88ec34cf6bcce61bc9cb7d4e8G.jpg_720x720q80.jpg
piattos-cheese,10147,PIATTOS CHEESE 40G,SNACKS,,N,,,,,,,15.75,4800016644801,,,Y,Y,19.98,9,,https://cdn.store-assets.com/s/377840/i/61785483.jpeg
piattos-85g,10202,PIATTOS CHEESE 85G,SNACKS,,N,,,,,,,33.22,4800016644504,,,Y,Y,39.98,-1,,https://cdn.store-assets.com/s/377840/i/61785483.jpeg
piattos-roadhouse-bbq,10227,PIATTOS ROADHOUSE BBQ 85G,SNACKS,,N,,,,,,,33.22,4800016633799,,,Y,Y,39.98,3,,https://imartgrocersph.com/wp-content/uploads/2020/09/Piattos-Roadhouse-Barbecue-85g-400x400.png
piattos-sourcrm,10145,PIATTOS SOUR CREAM 40G,SNACKS,,N,,,,,,,15.75,4800016671807,,,Y,Y,19.98,4,,https://i.pinimg.com/originals/1a/d2/cf/1ad2cf37613e91fdba7988a1f3d0a55d.jpg
piattos-srcrm,10220,PIATTOS SOUR CREAM 85G,SNACKS,,N,,,,,,,33.22,4800016671500,,,Y,Y,39.98,1,,https://150519596.cdn6.editmysite.com/uploads/1/5/0/5/150519596/N6OTHKC2MWAJA2PW35XRSN5Z.jpeg
pillows-choco-38g,10272,PILLOWS CHOCO 38G,SNACKS,,N,,,,,,,9,4800194116466,,,Y,Y,12,9,,https://shopsuki.ph/cdn/shop/files/4800194116466_1024x.jpg?v=1744022670
pillows-ube-24g,10263,PILLOWS UBE 24G,SNACKS,,N,,,,,,,6.75,4800194153324,,,Y,Y,9,17,,http://zbga.shopsuki.ph/cdn/shop/files/4800194153324_1024x.jpg?v=1743995144
pocari-sweat-500ml,10386,POCARI SWEAT 500ML,DRINKS,,N,,,,,,,49.95,,,,Y,Y,59.98,6,,https://dhamart.pk/storage/gatorade-blue-bolt-350ml.webp
premier-purified-water-500ml,10384,PREMIER PURIFIED WATER 500ML,,,N,,,,,,,9.67,4803925320002,,,N,Y,15,,,http://www.magicstarsupermarket.com/cdn/shop/products/Natures-Spring-Purified-Water-1L-500x500-product_popup_1200x1200.png?v=1594886657
premium-dw-liq---cal,10025,PREMIUM DW LIQ - CAL,Cleaning/Laundry Supplies,<p>CALAMANSI</p>,N,,,,,,,0,,,,Y,Y,40,71,,https://img.freepik.com/premium-photo/premium-quality-pure-white-product-package-box-with-natural-light-ultra-clear-digital-render_977600-1681.jpg
premium-dw-liq---green-apple,10089,PREMIUM DW LIQ - GREEN APPLE,Cleaning/Laundry Supplies,,N,,,,,,,0,,,,Y,Y,40,30,,https://thumbs.dreamstime.com/z/green-apple-plain-white-background-isolated-product-photography-studio-green-apple-plain-white-background-product-286942035.jpg
premium-dw-liq---lem,10026,PREMIUM DW LIQ - LEM,Cleaning/Laundry Supplies,<p>LEMON / YELLOW</p>,N,,,,,,,0,,,,Y,Y,40,57,,https://3d.nice-cdn.com/upload/image/product/large/default/liqcreate-premium-white-619235-en.jpg
premium-dw-liq-antibac,10090,PREMIUM DW LIQ ANTIBAC,Cleaning/Laundry Supplies,,N,,,,,,,0,,,,Y,Y,42,84,,https://img.lazcdn.com/g/p/4fb2727f2c25cd341a04b613284d8c45.jpg_720x720q80.jpg
presto-choco,10207,PRESTO CHOCO,SNACKS,,N,,,,,,,6.13,4800010075878,,,Y,Y,10,8,,http://ever.ph/cdn/shop/files/9000006171-Presto-Creams-Chocolate-Sandwich-Cookies-80g-230306_0fb34e20-f518-41ac-9f84-61597844d0db.jpg?v=1763268482
presto-choco-vanilla,10209,PRESTO CHOCO VANILLA,SNACKS,,N,,,,,,,5.87,4800010075861,,,Y,Y,10,19,,https://www.pasangen.com/wp-content/uploads/2023/06/PRE21.png
presto-peanut-butter,10208,PRESTO PEANUT BUTTER,SNACKS,,N,,,,,,,6.13,4800010076073,,,Y,Y,10,12,,https://shopsuki.ph/cdn/shop/files/102064908_800x.png?v=1727165083
ptato-frs,10151,PTATO FRS,SNACKS,,N,,,,,,,0,4800194104777,,,Y,Y,10,10,,https://img.freepik.com/premium-psd/potato-fry-white-isolated-background_877796-1290.jpg
rc,10276,RC,DRINKS,,N,,,,,,,33,4806527711254,,,Y,Y,43,6,,https://visualeducation.com/wp-content/uploads/2017/05/packshot_kalr_taylor-1024x768.jpg
red-horse-500,10083,RED HORSE 500,DRINKS,,N,,,,,,,60,4801032211077,,,Y,Y,75,10,,https://www.cebooze.com/app/uploads/2023/07/500ml.jpeg
red-horse-litro,10084,RED HORSE LITRO,DRINKS,,N,,,,,,,120,4801032211138,,,Y,Y,140,16,,https://www.cebooze.com/app/uploads/2023/07/1l.jpeg
refresh-500ml,10230,REFRESH 500ML,DRINKS,,N,,,,,,,8.65,4800016073625,,,Y,Y,12,61,,https://imartgrocersph.com/wp-content/uploads/2020/08/Refresh-Mineral-Water-500mL.png
rejoice-4w,10022,REJOICE 4W,BATH ESSENTIALS,<p>4WASH&nbsp;</p>,N,,,,,,,0,4902430698078,,,Y,Y,11,25,,https://lookaside.fbsbx.com/lookaside/crawler/media/?media_id=508925628113927
rexona-ice-cool-3ml,10310,REXONA ICE COOL 3ML,HOME ESSENTIALS,,N,,,,,,,7.92,4800888160027,,,Y,Y,10,12,,https://www.panaboonlinegrocery.com/sunshine/assets/uploads/rexona-iceciil3ml.png
rexona-passion,10307,REXONA PASSION 3ML,HOME ESSENTIALS,,N,,,,,,,7.92,4800888151100,,,Y,Y,10,12,,http://shopsuki.ph/cdn/shop/files/4800888151100_1024x.jpg?v=1718263266
rexona-powder-dry-3ml,10306,REXONA POWDER DRY 3ML,HOME ESSENTIALS,,N,,,,,,,7.92,4800888158888,,,Y,Y,10,11,,https://shopsuki.ph/cdn/shop/products/103605935_1600x.png?v=1681361209
rexona-quantum-dry,10309,REXONA QUANTUM DRY 3ML,HOME ESSENTIALS,,N,,,,,,,7.92,4800888151117,,,Y,Y,10,12,,https://medsgo.ph/images/detailed/32/image_a7d82655-294b-4cf3-95e1-484a7a7c63e8_564x544_1_-removebg-preview.png
rexona-shower-clean,10308,REXONA SHOWER CLEAN 3ML,HOME ESSENTIALS,,N,,,,,,,7.92,4800888150608,,,Y,Y,10,12,,https://assets.unileversolutions.com/v1/883216.png
richee,10150,RICHEE,SNACKS,,N,,,,,,,8.5,4800523220116,,,Y,Y,10,5,,https://jessicafilipinofoods.co.uk/wp-content/uploads/2020/05/richee.png
royal-1.75,10252,Royal 1.75,,,N,,,,,,,0,,,,Y,Y,75,11,,https://p16-oec-sg.ibyteimg.com/tos-alisg-i-aphluv4xwc-sg/6cd0212398dd48e699d2abf54a4eafbd~tplv-aphluv4xwc-resize-jpeg:800:800.jpeg?dr=15584&t=555f072d&ps=933b5bde&shp=6ce186a1&shcp=e1be8f53&idc=maliva&from=1826719393
royal-190,10117,ROYAL 190,DRINKS,,N,,,,,,,0,4801981127207,,,Y,Y,15,17,,https://vuurwerkoutletgelderland.nl/627-large_default/royal-celebration-190-shots-compound.jpg
royal-237,10124,ROYAL 237,DRINKS,,N,,,,,,,0,,,,Y,Y,18,24,,https://images.rappi.com/products/1666626247438_1666626236526_1666626232651.png?d=900x750&e=webp&q=30
royale-antibac,10023,ROYALE ANTIBAC,Cleaning/Laundry Supplies,,N,,,,,,,0,8998866501460,,,Y,Y,8,17,,https://m.media-amazon.com/images/I/61T1W5fK4WL._SL1500_.jpg
safeguard-(extra-strong-cooling),10248,SAFEGUARD (EXTRA STRONG COOLING),HOME ESSENTIALS,,N,,,,,,,19.5,4902430327428,,,Y,Y,23,5,3,"https://baseec-img-mng.akamaized.net/images/item/origin/bb0a27c76c538afebd8698c7ffab1396.jpg?imformat=generic&q=90&im=Resize,width=640,type=normal"
salt-1/4,10056,SALT 1/4,FOOD,,N,,,,,,,0,,,,Y,Y,10,114,,https://png.pngtree.com/background/20230602/original/pngtree-small-salt-packet-isolated-on-white-photo-picture-image_2858566.jpg
salt-1kg,10057,SALT 1KG,FOOD,,N,,,,,,,0,,,,Y,Y,26,32,,https://puregroup.com.eg/admin_assets/images/product/1771337254.jpg
san-marino-chili-corned-tuna,10067,SAN MARINO CHILI CORNED TUNA,FOOD,,N,,,,,,,0,4800249006636,,,Y,Y,44,16,,http://shopsuki.ph/cdn/shop/files/san-marino-corned-tuna-chili-180g_1024x.png?v=1708600544
san-marino-corned-tuna,10066,SAN MARINO CORNED TUNA,FOOD,,N,,,,,,,0,4800249006612,,,Y,Y,44,12,,https://d2j6dbq0eux0bg.cloudfront.net/images/17197054/2931524773.jpg
san-marino-spanish-style-tuna,10126,SAN MARINO SPANISH STYLE TUNA,FOOD,,N,,,,,,,0,4800249043587,,,Y,Y,45,10,,https://bf1af2.akinoncloudcdn.com/products/2025/11/10/622954/17da42fb-70f4-4a5c-9a7e-ea596b493f00_size3840_cropCenter.jpg
scissors,10305,SCISSORS,HOME ESSENTIALS,,N,,,,,,,24.5,4852784195054,,,Y,Y,30,12,,https://static.vecteezy.com/system/resources/previews/056/421/082/large_2x/grey-plastic-scissors-product-shot-on-white-background-free-png.png
scour-power-sponge,10312,SCOUR POWER SPONGE,HOME ESSENTIALS,,N,,,,,,,20.5,6975469470029,,,Y,Y,25,12,,http://alfatah.pk/cdn/shop/files/2025540003609_268a92d3-4a64-4385-82f7-52a393791fbf.jpg?v=1755002989
senorita-dry-peas,10068,SENORITA DRY PEAS,FOOD,,N,,,,,,,0,4806508624009,,,Y,Y,28,18,,https://store.iloilosupermart.com/wp-content/uploads/2020/05/37016-1-480x480-1.jpg
señorita-sardines,10264,SEÑORITA SARDINES,FOOD,,N,,,,,,,23.45,4806508627215,,,Y,Y,26,6,,https://img.lazcdn.com/g/p/0e636c754bb00c0cdfdc3fcd0aadb98d.png_720x720q80.png
señorita-sardines-1,10265,SEÑORITA SARDINES,FOOD,,N,,,,,,,23.45,4806508627215,,,Y,Y,26,6,,https://img.lazcdn.com/g/p/0e636c754bb00c0cdfdc3fcd0aadb98d.png_720x720q80.png
silka-(whitening-herbal-soap),10247,SILKA (WHITENING HERBAL SOAP),HOME ESSENTIALS,,N,,,,,,,18.2,4806507832481,,,Y,Y,22,9,5,https://incidecoder-content.storage.googleapis.com/87638c1e-8a11-43ef-923d-60ae5fee9eef/products/silka-whitening-herbal-soap/silka-whitening-herbal-soap_front_photo_original.jpeg
silver-swan-soy-sauce-1l,10061,SILVER SWAN SOY SAUCE 1L,FOOD,,N,,,,,,,0,4800344001628,,,Y,Y,56,3,,https://filipino.is/wp-content/uploads/2021/12/soysauce.jpg
silver-swan-soy-sauce-200ml,10065,SILVER SWAN SOY SAUCE 200ML,FOOD,,N,,,,,,,0,4800344001949,,,Y,Y,13,54,,http://shopsuki.ph/cdn/shop/files/4800344001949_1024x.jpg?v=1710992848
silver-swan-soy-sauce-25ml,10038,SILVER SWAN SOY SAUCE 25ML,FOOD,,N,,,,,,,0,4800344001925,,,Y,Y,3,248,,https://www.shopbestfoods.com/wp-content/uploads/2025/04/28/Silver-Swan-Soy-Sauce.jpg
silver-swan-suka,10062,SILVER SWAN SUKA 1L,FOOD,,N,,,,,,,0,4800344004629,,,Y,Y,45,3,,https://img.lazcdn.com/g/p/ba2af5f83cdd775a1a3c088881a2390d.jpg_720x720q80.jpg
silver-swan-suka-200ml,10064,SILVER SWAN SUKA 200ML,FOOD,,N,,,,,,,0,4800344004940,,,Y,Y,11,56,,http://shopsuki.ph/cdn/shop/files/102059058_3f9b40ce-86da-4700-8ab3-1285307a5c14_1024x.png?v=1715162311
silver-swan-suka-25ml,10037,SILVER SWAN SUKA 25ML,FOOD,,N,,,,,,,0,4800344004926,,,Y,Y,3,133,,https://nutriasia.com/wp-content/uploads/elementor/thumbs/SilverSwan-MainIMG-1-q79k4s0hz0xyg9b0b02fw00gwj0z5xtrqujolgy1hc.png
sisters-dry-maxi-8,10032,SISTERS DRY MAXI 8,FEMININE CARE,<p>DRY MAXI GREEN</p>,N,,,,,,,0,4806506318955,,,Y,Y,28,28,,https://pinoyhyper.com/cdn/shop/files/download_15_bd25ab70-2bf1-438b-9f64-5584281cab61.png?v=1721315677
sisters-night-plus-w/-wings-8pcs,10033,SISTERS NIGHT PLUS W/ WINGS 8PCS,FEMININE CARE,<p>SISTERS BLUE</p>,N,,,,,,,0,4806506318856,,,Y,Y,40,20,,https://medias.watsons.com.ph/publishing/Sisters_Image2_10040737-HiBXBnju-zoom.jpg?version=1764058861
sisters-pantyliners-8pcs,10075,SISTERS PANTYLINERS 8PCS,FEMININE CARE,,N,,,,,,,0,4806506318870,,,Y,Y,15,32,,https://cdn.store-assets.com/s/377840/i/17238642.jpeg
skyflakes-condensada,10329,SKYFLAKES CONDENSADA,FOOD,,N,,,,,,,6.95,,,,Y,Y,9.98,10,,https://www.srssulit.com/wp-content/uploads/products/6346-1.png
skyflakes-cracker,10374,SKYFLAKES CRACKER,SNACKS,,N,,,,,,,6,750515018402,,,Y,Y,9.98,10,4,https://www.srssulit.com/wp-content/uploads/products/6346-1.png
skyflakes-cracker-10pack,10373,SKYFLAKES CRACKER 1PACK,SNACKS,,N,,,,,,,60,750515018501,,,Y,Y,84.98,1,,https://www.srssulit.com/wp-content/uploads/products/6346-1.png
skyflakes-tsokolate,10328,SKYFLAKES TSOKOLATE,FOOD,,N,,,,,,,7.28,,,,Y,Y,998.1,10,,https://www.srssulit.com/wp-content/uploads/products/6346-1.png
sm-flavored-beer,10085,SM FLAVORED BEER APPLE,DRINKS,,N,,,,,,,41,4801032281049,,,Y,Y,53,9,,https://happyhour.ph/cdn/shop/products/san-miguel-flavored-beer-apple-330ml-760211.jpg?v=1708591405&width=1445
sm-pale-pilsen,10086,SM PALE PILSEN 320ML,DRINKS,,N,,,,,,,45,4801032111025,,,Y,Y,58,24,,https://www.cebooze.com/app/uploads/2020/09/bt-sanmig-palepilsen_e6e7beea-5e80-420d-8769-0b2caaf2bc7c_1024x1024.png
sm-pale-pilsen-grande,10087,SM PALE PILSEN GRANDE,DRINKS,,N,,,,,,,115,4801032111131,,,Y,Y,130,6,,https://ph-test-11.slatic.net/p/c1f26a7b5f1a2e31fffd7d3c3a8c4296.jpg
speed-bar-blue,10094,SPEED BAR BLUE,Cleaning/Laundry Supplies,,N,,,,,,,0,4806020497310,,,Y,Y,25,34,,https://admin.merrymartwholesale.com/storage/upload/assets/GreaxO2es6V0OlJOvR9UW4pcXcVkll2JUp0uuAhK.jpg
speed-bar-kalamansi,10097,SPEED BAR KALAMANSI,Cleaning/Laundry Supplies,,N,,,,,,,0,4806020497334,,,Y,Y,25,5,,https://images.freshop.ncrcloud.com/1564405684702539948/27b8664b7ae57d66f70b83a4e62b7d8c_large.png
speed-bar-speckled-blue,10098,SPEED BAR SPECKLED BLUE,Cleaning/Laundry Supplies,,N,,,,,,,0,4806020497341,,,Y,Y,26,53,,https://images.freshop.ncrcloud.com/1564405684702539945/9470d31a8c8094f61d1d49f9ae08cecc_large.png
speed-bar-w/-fabcon,10096,SPEED BAR W/ FABCON,Cleaning/Laundry Supplies,,N,,,,,,,0,4806020497471,,,N,Y,27,,,https://cdn.shopify.com/s/files/1/0557/4862/4569/files/SPEEDBARFABCON160G_1200x1200.png?v=1684476088
sprcrnch-cheese,10159,SPRCRNCH CHEESE,SNACKS,,N,,,,,,,0,4800365101215,,,Y,Y,12,9,,https://img.freepik.com/premium-psd/cheese-plain-packaging-isolated-transparent-background_1066391-4090.jpg?w=2000
springmaid-toothbrush,10311,SPRINGMAID TOOTHBRUSH,HOME ESSENTIALS,,N,,,,,,,0,4806014881750,,,N,Y,15,,,https://img.freepik.com/premium-photo/minimalist-toothbrush-plain-white-background-dental-hygiene-concept_1287633-1127.jpg?w=1480
sprite-1.5l,10114,SPRITE 1.5L,DRINKS,,N,,,,,,,0,4801981116270,,,Y,Y,75,9,,http://prixchile.cl/cdn/shop/files/SpriteOriginal_1.5L.png?v=1749393495
sprite-237ml,10125,SPRITE 237ML,DRINKS,,N,,,,,,,0,,,,Y,Y,18,24,,https://i5.walmartimages.com/asr/3147929f-bc6c-48fe-a40f-d589c17edad6.52b60d25407fb9b57cf9c047d304597a.jpeg?odnHeight=612&odnWidth=612&odnBg=FFFFFF
sting-290ml-1,10253,STING 290ML,DRINKS,,N,,,,,,,16.75,480392503355,,,Y,Y,23,17,,https://p16-oec-sg.ibyteimg.com/tos-alisg-i-aphluv4xwc-sg/6cd0212398dd48e699d2abf54a4eafbd~tplv-aphluv4xwc-resize-jpeg:800:800.jpeg?dr=15584&t=555f072d&ps=933b5bde&shp=6ce186a1&shcp=e1be8f53&idc=maliva&from=1826719393
sting-strwbrry-320ml,10192,STING STRWBRRY 320ML,DRINKS,,N,,,,,,,0,4803925033421,,,Y,Y,25,-1,,http://zbga.shopsuki.ph/cdn/shop/files/480392503342_1024x.jpg?v=1733891475
sukamod,10063,SUKAMOD,FOOD,,N,,,,,,,0,,,,Y,Y,40,8,,https://visualeducation.com/wp-content/uploads/2017/05/product-photography-white-background-pack-shot-posterframe.jpg
sulit-bar-speckled-blue,10100,SULIT BAR SPECKLED BLUE,Cleaning/Laundry Supplies,,N,,,,,,,0,4806020492032,,,Y,Y,24,2,,https://www.royplazastore.com/media/208017.jpg
summit-(1000ml),10257,SUMMIT (1000ML),DRINKS,,N,,,,,,,0,4800014142088,,,Y,Y,25,1,5,https://medsgo.ph/images/detailed/31/summit-natural-water-1000ml_1[1].jpg
sunsilk-smth&mngbl-15ml,10271,SUNSILK SMTH&MNGBL 15ML,BATH ESSENTIALS,,N,,,,,,,6,4800888169716,,,Y,Y,9,21,,https://www.rosepharmacy.com/ph1/wp-content/uploads/2025/08/76160-1.jpg
supercrnch-beef,10162,SUPER CRUNCH BEEFY BBQ 55G,SNACKS,,N,,,,,,,10.5,4800365101222,,,Y,Y,14.98,9,,https://thumbs.dreamstime.com/b/package-raw-beef-white-background-341183974.jpg
supercrnch-cheese,10186,SUPER CRUNCH CHEESE 5G,SNACKS,,N,,,,,,,10.5,4800365101215,,,Y,Y,14.98,4,,https://www.mustakshif.com/public/uploads/products/prifood-prifood-super-crunch-cheese-flavor-120g_4800365101246_Mustakshif.webp
supercrnch-spcl,10163,SUPER CRUNCH SPECIAL CHIP CHARON 32G,SNACKS,,N,,,,,,,10.5,4800365701057,,,Y,Y,14.98,0,,http://shopsuki.ph/cdn/shop/files/Untitleddesign-2024-04-16T122646.351_1024x.png?v=1713241566
surf-bar-blue,10102,SURF BAR BLUE,Cleaning/Laundry Supplies,,N,,,,,,,0,4800888136701,,,Y,Y,25,1,,https://cdn.store-assets.com/s/377840/i/85595814.jpeg
surf-bar-tawas,10103,SURF BAR TAWAS,Cleaning/Laundry Supplies,,N,,,,,,,0,4800888136800,,,Y,Y,26,2,,https://cdn.store-assets.com/s/377840/i/17238192.jpeg
surf-powder-kalamansi,10105,SURF POWDER KALAMANSI,Cleaning/Laundry Supplies,,N,,,,,,,0,4800888151827,,,Y,Y,10,6,,https://zbga.shopsuki.ph/cdn/shop/files/103869803_5e5f391e-06e8-4551-bee7-65ffb16fcc1a_1024x.png?v=1690252442
surf-ultra-power-liquid-(-rose-fresh),10245,SURF ULTRA POWER LIQUID ( ROSE FRESH),HOME ESSENTIALS,,N,,,,,,,7.5,4800888223395,,,Y,Y,10,12,5,https://www.srssulit.com/wp-content/uploads/products/2004897451-1.png
surf(cherry-blossom),10244,SURF(CHERRY BLOSSOM),HOME ESSENTIALS,,N,,,,,,,6.7,4800888189806,,,Y,Y,10,6,5,https://primomart.ph/cdn/shop/files/4800888189806_d9f9063e-6fa3-4f26-bfdb-871276631c0b_700x700.jpg?v=1754894590
blkchlichps-bbq,10158,SWEET CHLI CHPS BBQ,SNACKS,,N,,,,,,,0,4800365221067,,,Y,Y,11.98,10,,https://encrypted-tbn0.gstatic.com/images?q=tbn:ANd9GcRVqQdy1gHyfuEmydjYBErVDi20n4SEsGtaJkQP_LN9QA&s
sweetchili-chps-bbq,10157,SWEETCHILI CHPS BBQ,SNACKS,,N,,,,,,,0,4800365221074,,,Y,Y,12,14,,https://encrypted-tbn0.gstatic.com/images?q=tbn:ANd9GcRVqQdy1gHyfuEmydjYBErVDi20n4SEsGtaJkQP_LN9QA&s
swtchli-crnchps-bbq-7g,10177,SWTCHLI CRNCHPS BBQ 7G,SNACKS,,N,,,,,,,0,4800365221029,,,Y,Y,12,23,,https://shopsuki.ph/cdn/shop/products/4800365101031_1600x.jpg?v=1660879338
tagay-chiligarlic-7g,10178,TAGAY CHILIGARLIC 7G,SNACKS,,N,,,,,,,0,4800365181026,,,Y,Y,2,24,,https://corinthiandistributors.com/wp-content/uploads/2023/03/030623-5-scaled.jpg
tanduay-rhum-65p-375,10120,TANDUAY RHUM 65P 375,DRINKS,,N,,,,,,,0,4800220504250,,,Y,Y,65,14,,https://shopsuki.ph/cdn/shop/files/102050246_2_800x.png?v=1686896650
tanduay-rhum-65p-750,10122,TANDUAY RHUM 65P 750,DRINKS,,N,,,,,,,0,4800220504151,,,Y,Y,150,1,,https://ultimaterumguide.com/wp-content/uploads/Tanduay-65.jpg
tattoos-corn-chips-bbq-58g,10390,TATTOOS CORN CHIPS BBQ 58G,SNACKS,,N,,,,,,,7.65,,,,N,Y,11.98,,,https://lzd-img-global.slatic.net/g/ff/kf/S1da70da1998e422bbea2e12f7314a9c8S.jpg_720x720q80.jpg
tattoos-corn-chips-bbq-58g-1,10390Q,TATTOOS CORN CHIPS BBQ 58G,SNACKS,,N,,,,,,,7.65,4806521795922,,,Y,Y,12.98,10,,https://lzd-img-global.slatic.net/g/ff/kf/S1da70da1998e422bbea2e12f7314a9c8S.jpg_720x720q80.jpg
tattoos-crnchps-cheese,10161,TATTOOS CORN CHIPS CHEESE 58G,SNACKS,,N,,,,,,,10.5,4806521795915,,,Y,Y,12.98,17,,https://lzd-img-global.slatic.net/g/ff/kf/S1da70da1998e422bbea2e12f7314a9c8S.jpg_720x720q80.jpg
tattoos-crnchps-swtcrn,10160,TATTOOS CORN CHIPS SWEET CORN 58G,SNACKS,,N,,,,,,,10.5,4806521795908,,,Y,Y,12.98,4,,https://almerepinoystore.com/wp-content/uploads/2024/05/Tattoos-Corn-Chips-Sweet-Corn-Flavor.png
tattoos-corn-tube-60g,10396,TATTOOS CORN TUBE 60G,SNACKS,,N,,,,,,,10.9,4806521790750,,,Y,Y,14.98,10,,https://lzd-img-global.slatic.net/g/ff/kf/S1da70da1998e422bbea2e12f7314a9c8S.jpg_720x720q80.jpg
tattoos-tube-pizza-60g,10397,TATTOOS TUBE PIZZA 60G,SNACKS,,N,,,,,,,10.9,,,,Y,Y,14.98,10,,https://lzd-img-global.slatic.net/g/ff/kf/S1da70da1998e422bbea2e12f7314a9c8S.jpg_720x720q80.jpg
tattoos-tube-pizza-60g-1,10397R,TATTOOS TUBE PIZZA 60G,SNACKS,,N,,,,,,,10.9,4806521794284,,,Y,Y,14.98,10,,https://lzd-img-global.slatic.net/g/ff/kf/S1da70da1998e422bbea2e12f7314a9c8S.jpg_720x720q80.jpg
tawas-barelab-50g,10267,TAWAS BARELAB 50G,BATH ESSENTIALS,,N,,,,,,,10,74575138,,,Y,Y,15,12,,https://www.imoayi.com/storage/images-1/olay/tawas-powder-50-rdl.png
tide-bar-w/-downy,10099,TIDE BAR W/ DOWNY,Cleaning/Laundry Supplies,,N,,,,,,,0,4902430800846,,,Y,Y,17,32,,http://zbga.shopsuki.ph/cdn/shop/products/103953142_1024x.png?v=1710115982
tide-powder-w/-downy,10106,TIDE POWDER W/ DOWNY,Cleaning/Laundry Supplies,,N,,,,,,,0,4902430831161,,,Y,Y,16,6,,http://abartfoods.com/wp-content/uploads/2023/10/tide.webp
toothpick,10046,TOOTHPICK,HOME ESSENTIALS,,N,,,,,,,0,6933961560259,,,N,Y,15,,,https://c8.alamy.com/comp/F5ETM6/packaging-of-new-toothpicks-isolated-on-white-background-F5ETM6.jpg
tropicana-twister-orange,10385,TROPICANA TWISTER ORANGE,,,N,,,,,,,25.37,,,,N,Y,30,,,https://pinoycupidgifts.com/wp-content/uploads/2022/09/Minute-Maid-Fresh-250ml.jpg
tropicana-twister-orange-1,10385Q,TROPICANA TWISTER ORANGE,,,N,,,,,,,25.37,4803925051104,,,Y,Y,30,23,,https://pinoycupidgifts.com/wp-content/uploads/2022/09/Minute-Maid-Fresh-250ml.jpg
ufc-coco-cream-400ml,10035,UFC COCO CREAM 400ML,FOOD,,N,,,,,,,0,4801668608210,,,Y,Y,74,4,,https://img.lazcdn.com/g/p/d3ba9d5296676e8cbda91f7d41c160d7.jpg_720x720q80.jpg
unilove-baby-wipes,10250,UNILOVE BABY WIPES,BABY ESSENTIALS,,N,,,,,,,46.33,4806525540771,,,Y,Y,79.5,18,,https://img.lazcdn.com/g/ff/kf/Sb43bb8c88ec34cf6bcce61bc9cb7d4e8G.jpg_720x720q80.jpg
unilove-squalane-wipes,10249,UNILOVE SQUALANE WIPES,HOME ESSENTIALS,,N,,,,,,,24.5,4806525547121,,,Y,Y,40,9,,https://img.lazcdn.com/g/p/a39201008f39c652385d53d4198ff419.png_720x720q80.png
vcut-spicy-barbeque,10317@,VCUT SPICY BARBEQUE 25G,SNACKS,,N,,,,,,,16,4800016622533,,,Y,Y,21.98,11,,http://shopsuki.ph/cdn/shop/files/102064818_1024x.png?v=1685351781
vino-kulafu-350,10119,VINO KULAFU 350,DRINKS,,N,,,,,,,0,4800130300515,,,Y,Y,50,16,,https://shopsuki.ph/cdn/shop/files/102060224_2_1600x.png?v=1687143205
vitamilk(doublechoco)-300ml,10240,VITAMILK(DOUBLECHOCO) 300ML,DRINKS,,N,,,,,,,29.5,8851028002505,,,Y,Y,35,6,3,https://maxmartonline.com/images/thumbs/0005677_vitamilk-soy-milk-double-choco-shake-300ml.jpeg
whisper--floral,10077,WHISPER  FLORAL,FEMININE CARE,<p>PINK</p>,N,,,,,,,0,4902430293426,,,Y,Y,50,5,,https://i.pinimg.com/736x/ce/49/27/ce4927939a3d238f38a88ed03903e77a.jpg
whisper-night-8pcs,10079,WHISPER NIGHT 8PCS,FEMININE CARE,,N,,,,,,,0,4902430867122,,,Y,Y,75,2,,https://i5.walmartimages.com/asr/cd4228f7-1c36-45ff-a2ac-b1653862fe38.ee4344323420385774bba5ec7850878d.jpeg
white-sugar-1/4,10058,WHITE SUGAR 1/4,FOOD,,N,,,,,,,0,,,,Y,Y,24,18,,https://img.freepik.com/premium-photo/close-up-white-sugar-package-white-background_1048944-9219179.jpg
white-sugar-1kg,10059,WHITE SUGAR 1KG,FOOD,,N,,,,,,,0,,,,Y,Y,90,1,,https://lpagencies.co.za/wp-content/uploads/2024/10/Sugar-White-1KG.jpg
wilkins-pure-1l,10108,WILKINS PURE 1L,DRINKS,,N,,,,,,,15.91,4801981119981,,,Y,Y,25,7,,https://bxtra.ph/images/thumbs/000/0008038_wilkins-pure-1l.jpeg
wilkins-pure-500,10001,WILKINS PURE 500,DRINKS,,N,,,,,,,9.37,4801981107971,,,Y,Y,15,25,,https://cellarfresh.com/cdn/shop/files/RM-WLK-PW500.jpg?v=1709621676
wings-powder-57g,10104,WINGS POWDER BLUE 57G,Cleaning/Laundry Supplies,,N,,,,,,,0,8998866800808,,,Y,Y,8,50,,https://shopsuki.ph/cdn/shop/files/102056336_1024x.png?v=1689573367
yakult,10193,YAKULT,DRINKS,,N,,,,,,,0,54028367911,,,Y,Y,15,0,,https://c8.alamy.com/comp/ADRNG1/yakult-multi-pack-on-a-white-studio-background-ADRNG1.jpg
youmei-ballpen,10301,YOUMEI BALLPEN,SCHOOL SUPPLIES,,N,,,,,,,7,6932808780027,,,Y,Y,10,12,,https://img.lazcdn.com/g/p/fd2f6e303d1a47db4e2c594de0dfd85f.jpg_720x720q80.jpg
zonrox-lemon-250,10009,ZONROX LEMON 250,Cleaning/Laundry Supplies,<p>250ML</p>,N,,,,,,,0,4800047840289,,,Y,Y,27,24,,http://www.magicstarsupermarket.com/cdn/shop/products/Zonrox-Bleach-Lemon-250mL-500x500-product_popup_1200x1200.jpg?v=1592020016
zonrox-orig-100,10008,ZONROX ORIG 100,Cleaning/Laundry Supplies,<p>100ML</p>,N,,,,,,,0,4800047840043,,,Y,Y,12,36,5,https://lzd-img-global.slatic.net/g/p/1e0c8b0a062a3dbc4f9395c457ff749b.jpg_720x720q80.jpg
zonrox-orig-1l,10010,ZONROX ORIG 1L,Cleaning/Laundry Supplies,<p>1L</p>,N,,,,,,,0,4800047840012,,,Y,Y,62,21,,https://lzd-img-global.slatic.net/g/p/081c7ae5a303b0b707a82cedb027d97a.jpg_720x720q80.jpg
zonrox-orig-250,10015,ZONROX ORIG 250,Cleaning/Laundry Supplies,<p>250ML</p>,N,,,,,,,0,4800047840036,,,Y,Y,26,21,0,https://img.lazcdn.com/g/p/3dae5038bc97fe257f8a3f5ec84ec42f.png_720x720q80.png
zonrox-orig-500,10014,ZONROX ORIG 500,Cleaning/Laundry Supplies,<p>500ML</p>,N,,,,,,,0,4800047840029,,,Y,Y,35.5,9,,https://img.lazcdn.com/g/p/c6109822460e6bca712a50962256bcd5.png_720x720q80.png
zonroxcsafe225,10011,ZONROXCSAFE225,Cleaning/Laundry Supplies,<p>225ML</p>,N,,,,,,,0,4800047841729,,,Y,Y,38.5,15,,https://primomart.ph/cdn/shop/files/4800047841729_e5f6e187-220f-4357-95dc-f82240627f3e_700x700.jpg?v=1754895300
zonroxcsafe95,10012,ZONROXCSAFE95,Cleaning/Laundry Supplies,<p>95ML</p>,N,,,,,,,0,4800047841781,,,Y,Y,15,20,5,https://img.lazcdn.com/g/p/99a6d55597e38cd74eb05f20e315da58.jpg_720x720q80.jpg
zonroxlemon500,10013,ZONROXLEMON500,Cleaning/Laundry Supplies,<p>500ML</p>,N,,,,,,,0,4800047840272,,,Y,Y,35.5,15,,https://visualeducation.com/wp-content/uploads/2017/05/packshot_kalr_taylor-1024x768.jpg
