Handle,SKU,Name,Category,Description,Sold by weight,Option 1 name,Option 1 value,Option 2 name,Option 2 value,Option 3 name,Option 3 value,Cost / Manufacturer Price,Barcode,SKU of included item,Quantity of included item,Track stock,Available for sale [Route 98 - Minimart],Price [Route 98 - Minimart],In stock [Route 98 - Minimart],Low stock [Route 98 - Minimart],,IMAGE LINK
misc,10235,#misc,,,N,,,,,,,0,,,,N,Y,variable,,,,
1-case-softdrinks,10237,1 Case Softdrinks,DRINKS,,N,,,,,,,210,,,,N,Y,230,,,,https://lzd-img-global.slatic.net/g/p/6849e42336999bba304f635c3addb504.jpg_720x720q80.jpg
555-sardines-155g,10261,555 SARDINES 155G,FOOD,,N,,,,,,,23.45,7.48485E+11,,,Y,Y,26,12,,,https://thephilippinestoreglasgow.co.uk/cdn/shop/files/4.png?v=1702384798
555-sardines-155g-1,10262,555 SARDINES 155G,FOOD,,N,,,,,,,23.45,7.48485E+11,,,Y,Y,26,6,,,https://thephilippinestoreglasgow.co.uk/cdn/shop/files/4.png?v=1702384798
absolute-6000ml,10277,ABSOLUTE 6000ML,DRINKS,,N,,,,,,,72,4.80001E+12,,,Y,Y,85,2,,,https://store.iloilosupermart.com/wp-content/uploads/2020/05/45645-1.jpg
ajinomoto-ssning,10045,AJINOMOTO SSNING,FOOD,,N,,,,,,,0,4.80196E+12,,,Y,Y,5,468,,,https://www.ajinomoto.com.ph/wp-content/uploads/2026/05/simu-aji-paper-90g-copy-scaled.png
alfonso-light-1l,10274,ALFONSO LIGHT 1L,DRINKS,,N,,,,,,,278.46,8.41003E+12,,,Y,Y,320,3,,,https://img.lazcdn.com/g/p/827d2bdb7ef834209380dfb3835e9679.png_720x720q80.png
ariel-sunrise-fresh-t,10269,ARIEL SUNRISE FRESH 66G,Cleaning/Laundry Supplies,,N,,,,,,,14,4.90243E+12,,,Y,Y,17,9,,,https://img.lazcdn.com/g/p/6564815ede660e28db50356aea738228.jpg_720x720q80.jpg
axion,10021,AXION,Cleaning/Laundry Supplies,<p>KALAMANSI / GREEN</p>,N,,,,,,,0,9.55603E+12,,,Y,Y,13,34,,,https://lzd-img-global.slatic.net/g/p/37d2c0da0864b89b6e59689437c23c0d.jpg_720x720q80.jpg
bareta-bar-blue,10093,BARETA BAR BLUE,Cleaning/Laundry Supplies,,N,,,,,,,0,4.80602E+12,,,Y,Y,25,14,,,http://shopsuki.ph/cdn/shop/products/4806020491448_1024x.jpg?v=1670549363
bareta-bar-kalamansi,10092,BARETA BAR KALAMANSI,Cleaning/Laundry Supplies,,N,,,,,,,0,4.80602E+12,,,Y,Y,25,7,,,http://shopsuki.ph/cdn/shop/files/102066068_1024x.jpg?v=1683072147
bareta-bar-speckled-blue,10095,BARETA BAR SPECKLED BLUE,Cleaning/Laundry Supplies,,N,,,,,,,0,4.80602E+12,,,Y,Y,25,14,,,http://shopsuki.ph/cdn/shop/products/4806020491448_1024x.jpg?v=1670549363
bareta-bar-w/-fabcon,10101,BARETA BAR W/ FABCON,Cleaning/Laundry Supplies,,N,,,,,,,0,4.80602E+12,,,Y,Y,26,11,,,http://shopsuki.ph/cdn/shop/files/4806020491509_1024x.png?v=1717582402
bbrand-swak,10169,BBRAND SWAK,FOOD,,N,,,,,,,0,4.80036E+12,,,Y,Y,15,16,,,https://lzd-img-global.slatic.net/g/p/d0d1afd7b66a60722165fc494ca11da5.png_720x720q80.jpg_.webp
bbrand-swak-choco,10170,BBRAND SWAK CHOCO,FOOD,,N,,,,,,,0,4.80036E+12,,,Y,Y,15,16,,,https://shopmetro.ph/banilad-supermarket/wp-content/uploads/2024/05/SM102813485_1-2.jpg
bestguard-epoxy-steel,10313,BESTGUARD EPOXY STEEL,HOME ESSENTIALS,,N,,,,,,,0,6.95511E+12,,,Y,Y,45,14,,,https://lzd-img-global.slatic.net/g/ff/kf/Hd0941d8cde224fcea081a645e3ba572fp.jpg_720x720q80.jpg_.webp
black-chili-cchips-bbq,10187,BLACK CHILI CCHIPS BBQ,SNACKS,,N,,,,,,,0,4.80037E+12,,,Y,Y,12,9,,,http://shopsuki.ph/cdn/shop/files/107256334_1024x.png?v=1713330942
blkchili-bbq-7g,10180,BLKCHILI BBQ 7G,SNACKS,,N,,,,,,,0,4.80037E+12,,,Y,Y,2,18,,,http://shopsuki.ph/cdn/shop/products/nobarcode15_1024x.jpg?v=1669882966
blkchlichps-bbq,10158,BLKCHLICHPS BBQ,SNACKS,,N,,,,,,,0,4.80037E+12,,,Y,Y,12,10,,,https://i.pinimg.com/originals/a6/41/31/a6413190b397169b6b5e5f870673d22c.jpg
c2-230ml,10129,C2 230ML,DRINKS,,N,,,,,,,0,4.80002E+12,,,Y,Y,17,23,,,https://ph-test-11.slatic.net/p/22370afaaf93ef543ce2d3dc339c1124.jpg
cb-clfrna-crnch,10198,CB CLFRNA CRNCH,SNACKS,,N,,,,,,,0,4.80651E+12,,,Y,Y,12,49,,,https://media.starrymart.co.uk/media/catalog/product/cache/342235ea97ac9c8ccfddce16761154bf/4/8/4806505854423.jpg
cb-txs-bbq,10197,CB TXS BBQ,,,N,,,,,,,0,4.80651E+12,,,Y,Y,12,49,,,https://lovelypackage.com/wp-content/uploads/2022/10/Texas-6.jpg
chippy-bbq-108g,10217,CHIPPY BBQ 108G,SNACKS,,N,,,,,,,24.63,4.80002E+12,,,Y,Y,30,3,,,https://ph-test-11.slatic.net/p/838476302a8dea9f8d8ea82f9deeaa28.jpg
chippy-bbq-25g,10143,CHIPPY BBQ 25G,SNACKS,,N,,,,,,,0,4.80002E+12,,,Y,Y,10,10,,,https://ursuki.com/cdn/shop/files/20250814-41907SnackfoodsURSukiSizeComparisonArtworks-Chippy25g_4822d6d8-946a-4b5a-823a-07f82939cfb5.jpg?v=1762948801&width=1500
chippy-chilicheese,10144,CHIPPY CHILICHEESE,SNACKS,,N,,,,,,,0,4.80002E+12,,,Y,Y,10,14,,,https://laz-img-sg.alicdn.com/p/64d1d0993968be8d171ef217e876c7ec.jpg
chiz-curls-18g,10266,CHIZ CURLS 18G,SNACKS,,N,,,,,,,7.25,4.80002E+12,,,Y,Y,9,11,,,http://shopsuki.ph/cdn/shop/products/jack-n-jill-snacks-jack-n-jill-chiz-curls-18g-15188926791812_1024x.png?v=1617071395
chuckie-110ml,10268,CHUCKIE 110ML,DRINKS,,N,,,,,,,13.2,,,,Y,Y,16,12,,,https://www.nestleprofessional.ph/sites/default/files/styles/np_product_teaser_2x/public/2022-11/chuckie-110ml.jpg?itok=ocD2Dd-w
cloud-9-clssc,10231,CLOUD 9 CLSSC,SNACKS,,N,,,,,,,6.35,4.80001E+12,,,Y,Y,10,132,,,https://filipino.is/wp-content/uploads/2022/11/Cloud-9-Classic-Chocolate-Bar-28g-x-12bars-1.jpg
clvb-1ltr,10273,CLVB 1LTR,DRINKS,,N,,,,,,,189,4.80014E+12,,,Y,Y,199,3,,,http://shopsuki.ph/cdn/shop/files/4800142119655a_1024x.jpg?v=1764743284
cobra-energy-drink-330ml,10241,COBRA ENERGY DRINK 330ML,DRINKS,,N,,,,,,,20,4.80061E+12,,,Y,Y,25,8,5,,https://images.deliveryhero.io/image/darkstores/nv-global-catalog/ph/ddfb11d6-badf-4e2d-8687-62c959c2a3fa.jpg?height=480
cocacola-1.75l,10115,COCACOLA 1.75L,DRINKS,,N,,,,,,,0,4.80198E+12,,,Y,Y,75,3,,,https://www.gosupps.com/media/catalog/product/7/1/71HPGTVLJ2L.jpg
cocacola-1l,10116,COCACOLA 1L,DRINKS,,N,,,,,,,0,,,,Y,Y,50,3,,,https://frijolvzla.com/cerroverde/wp-content/uploads/sites/3/2022/12/Coca-cola-1L.jpg
cocacola-237ml,10123,COCACOLA 237ML,DRINKS,,N,,,,,,,0,,,,Y,Y,18,48,,,https://jumboargentina.vtexassets.com/arquivos/ids/783157/Gaseosa-Coca-Cola-237-1-891876.jpg?v=638206702104070000
cocacola-orig-190,10109,COCACOLA ORIG 190,DRINKS,,N,,,,,,,0,4.80198E+12,,,Y,Y,15,15,,,https://img.lazcdn.com/g/p/99d6ff662760e378a25f3ecc56d79fcf.jpg_720x720q80.jpg
cocacola-orig-290,10107,COCACOLA ORIG 290,DRINKS,,N,,,,,,,0,4.80198E+12,,,Y,Y,20,6,,,https://img.lazcdn.com/g/p/b6473210938641ddb73f190197181d4b.jpg_720x720q80.jpg
colgate,10246,COLGATE,HOME ESSENTIALS,,N,,,,,,,8.75,8.85001E+12,,,N,Y,12,,,,https://www.colgatepalmolive.ph/content/dam/cp-sites/corporate/corporate-2021/sustainability/colgate-palmolive-ph-sustainable-products.png
cream-silk-conditioner-ss/pink,10270,CREAM SILK CONDITIONER SS/PINK,BATH ESSENTIALS,,N,,,,,,,6.25,4.80089E+12,,,Y,Y,9,24,,,https://almerepinoystore.com/wp-content/uploads/2024/09/CreamSilk-Conditioner-Ultimate-Straight-Triple-Keratin-Pink-170ml.png
crispy-patata,10146,CRISPY PATATA,SNACKS,,N,,,,,,,0,4.80019E+12,,,Y,Y,10,11,,,https://www.oishi.com.ph/wp-content/uploads/2017/04/crispy-patata-90g-copy.png
cutter,10304,CUTTER,HOME ESSENTIALS,,N,,,,,,,15.5,6.97759E+12,,,Y,Y,20,12,,,https://lzd-img-global.slatic.net/g/p/05b95627997eac8152592da6bef0eed5.jpg_720x720q80.jpg
dingdong-30g,10155,DINGDONG 30G,SNACKS,,N,,,,,,,0,4.80009E+12,,,Y,Y,5,7,,,http://shopsuki.ph/cdn/shop/files/4800092332791_1024x.jpg?v=1700107585
dingdong-hotnspocy,10183,DINGDONG HOTNSPICY 5G,SNACKS,,N,,,,,,,0,4.80009E+12,,,Y,Y,2,60,,,https://primomart.ph/cdn/shop/files/4800092331152_ca8f0e1b-6d8a-47b7-aa2e-145d81aa6eca_700x700.jpg?v=1754889337
dingdong-mixnuts-5g,10185,DINGDONG MIXNUTS 5G,SNACKS,,N,,,,,,,0,4.80009E+12,,,Y,Y,2,60,,,https://d2j6dbq0eux0bg.cloudfront.net/images/17197054/1299390888.jpg
dingdong-mxd-nuts,10153,DINGDONG MXD NUTS 100G,SNACKS,,N,,,,,,,0,4.80009E+12,,,Y,Y,28,0,,,https://img.lazcdn.com/g/p/b2953e4c3f8b77783fb52e0b318f9413.jpg_720x720q80.jpg
don-frank-choco,10051,DON FRANK CHOCO,FOOD,,N,,,,,,,0,7.10535E+11,,,N,Y,19.5,,,,http://www.wholesomegoodies.co.uk/cdn/shop/files/FRANK_SCHOCOPACK.png?v=1727951128
don-frank-coffee-jelly,10047,DON FRANK COFFEE JELLY,FOOD,,N,,,,,,,0,7.10535E+11,,,N,Y,19.5,,,,https://d2j6dbq0eux0bg.cloudfront.net/images/17197054/4162811375.jpg
don-frank-grass-jelly,10052,DON FRANK GRASS JELLY,FOOD,,N,,,,,,,0,4.80901E+12,,,N,Y,19.5,,,,https://d2j6dbq0eux0bg.cloudfront.net/images/17197054/1458077379.jpg
don-frank-orange,10048,DON FRANK ORANGE,FOOD,,N,,,,,,,0,4.80901E+12,,,N,Y,19.5,,,,https://lzd-img-global.slatic.net/g/p/6474824adcc82cf4017e158359e9b185.png_720x720q80.png
don-frank-pandan,10050,DON FRANK PANDAN,FOOD,,N,,,,,,,0,4.80901E+12,,,N,Y,19.5,,,,https://lzd-img-global.slatic.net/g/p/35049caf4e95f3fe303025219667dcac.png_720x720q80.png
don-frank-red,10053,DON FRANK RED,FOOD,,N,,,,,,,0,4.80901E+12,,,N,Y,19.5,,,,https://lzd-img-global.slatic.net/g/p/fd9a5a34c747d3fd54eaac5fb7e5c95c.png_720x720q80.png
don-frank-strwbrry,10049,DON FRANK STRWBRRY,FOOD,,N,,,,,,,0,4.80901E+12,,,N,Y,19.5,,,,https://mir-s3-cdn-cf.behance.net/project_modules/max_1200/6d7068101910893.5fa24f5b6f4c2.jpg
don-frank-white,10055,DON FRANK WHITE,FOOD,,N,,,,,,,0,4.80901E+12,,,N,Y,19.5,,,,https://pakoro.com/wp-content/uploads/2026/01/Top-10-Packaging-Manufacturers-in-the-Philippines-2026-Guide.webp
don-frank-yellow,10054,DON FRANK YELLOW,FOOD,,N,,,,,,,0,4.80901E+12,,,N,Y,19.5,,,,https://pakoro.com/wp-content/uploads/2026/01/Top-10-Packaging-Manufacturers-in-the-Philippines-2026-Guide.webp
downy-antibac,10024,DOWNY ANTIBAC,Cleaning/Laundry Supplies,<p>GREEN / KONTRA KULOB</p>,N,,,,,,,0,4.90243E+12,,,Y,Y,9,11,,,https://lzd-img-global.slatic.net/g/ff/kf/Sa37614ce329e4a0d97acf2f83ffea0a9W.jpg_720x720q80.jpg
eagle-glue-40gm,10314,EAGLE GLUE 40gm,HOME ESSENTIALS,,N,,,,,,,22.5,6.92898E+12,,,Y,Y,30,12,,,https://ph-test-11.slatic.net/p/5a8dfe552c702809c7e4fce3ba9ba452.jpg
efficascent25,10005,EFFICASCENT25,ESSENTIAL OILS,<p>25ML</p>,N,,,,,,,0,48035156,,,Y,Y,28.5,9,5,,https://lzd-img-global.slatic.net/g/p/4d8b4624c22aa83c2e415ae3504c1d55.png_720x720q80.jpg_.webp
efficascent50,10000,EFFICASCENT50,ESSENTIAL OILS,<p>50ML</p>,N,,,,,,,0,4.80001E+12,,,Y,Y,53,10,5,,https://lzd-img-global.slatic.net/g/p/f59e47d0f5ba1f5a5fe8e474b9c7080a.jpg_720x720q80.jpg
efficascentx50,10007,EFFICASCENTX50,ESSENTIAL OILS,<p>50ML</p>,N,,,,,,,0,4.80001E+12,,,Y,Y,90,10,5,,https://img.lazcdn.com/g/p/5753125b5155d7ded46af38009679849.jpg_720x720q80.jpg
energen-choco,10172,ENERGEN CHOCO,FOOD,,N,,,,,,,8.45,8.996E+12,,,Y,Y,12,20,,,https://georgiafilipino.co.uk/wp-content/uploads/2023/10/Energen-Chocolate.jpeg?v=1705788306
energen-vnla,10171,ENERGEN VNLA,FOOD,,N,,,,,,,8.45,8.996E+12,,,Y,Y,12,21,5,,https://pinoyfoodsapp.akabanebussan.com/cdn/shop/files/32360-01.jpg?v=1726226889
escobar-light-1l,10296,ESCOBAR LIGHT 1L,DRINKS,,N,,,,,,,168.3,8.41003E+12,,,Y,Y,205,2,,,https://ph-live-05.slatic.net/p/18fe8f2d896a5bb064b870a639088bfe.jpg_720x720q80.jpg_.webp
eveready-battery-aa,10303,EVEREADY BATTERY AA,HOME ESSENTIALS,,N,,,,,,,19.5,3.48E+13,,,Y,Y,25,12,,,https://lzd-img-global.slatic.net/g/p/5d7fd97fb816396891ed4cce5dad255e.jpg_720x720q80.jpg
eveready-battery-aaa,10302,EVEREADY BATTERY AAA,HOME ESSENTIALS,,N,,,,,,,23.5,8.88802E+12,,,Y,Y,25,10,,,https://laz-img-sg.alicdn.com/p/5439e7f6f05683096cd8d84b98db7b8f.png
fruit-salad-1,10236,FRUIT SALAD,SNACKS,,N,,,,,,,5.75,4.80653E+12,,,Y,Y,8,22,,,https://p16-oec-va.ibyteimg.com/tos-maliva-i-o3syd03w52-us/febc961e77bc4650abbf0f694a7d4950~tplv-o3syd03w52-resize-jpeg:800:800.jpeg?dr=15584&t=555f072d&ps=933b5bde&shp=6ce186a1&shcp=e1be8f53&idc=maliva&from=1826719393
fuego-match,10044,FUEGO MATCH - PIECE,HOME ESSENTIALS,,N,,,,,,,0,4.80011E+12,,,N,Y,3,,,,https://d2j6dbq0eux0bg.cloudfront.net/images/17197054/1944432043.jpg
fundador-light,10121,FUNDADOR LIGHT,DRINKS,,N,,,,,,,0,8.41016E+12,,,Y,Y,420,3,,,https://assets.landers.ph/catalog/product/4/8/4800142904121_-_02_1.jpg
gatorade-(blue-bolt)-500ml,10238,GATORADE (BLUE BOLT) 500ML,DRINKS,,N,,,,,,,42,4.80393E+12,,,Y,Y,45,11,5,,https://ph-test-11.slatic.net/p/9f2db9eedc96e6d439e191d8ec0da978.png
gatorade-blue-bolt-350ml,10190,GATORADE BLUE BOLT 350ML,DRINKS,,N,,,,,,,0,4.80393E+12,,,N,Y,38,,,,https://p16-oec-sg.ibyteimg.com/tos-alisg-i-aphluv4xwc-sg/93c43040ff4a46af8fd6f9946b4846e0~tplv-aphluv4xwc-resize-jpeg:800:800.jpeg?dr=15584&t=555f072d&ps=933b5bde&shp=6ce186a1&shcp=e1be8f53&idc=maliva&from=1826719393
gatorade-tropical-fruit-500ml,10191,GATORADE TROPICAL FRUIT 500ML,DRINKS,,N,,,,,,,0,,,,N,Y,44.75,,,,https://ph-test-11.slatic.net/p/d53aedf81fd9ff886bf215917a045451.jpg
generic-dw-liq---cal,10091,GENERIC DW LIQ - GRE S,Cleaning/Laundry Supplies,,N,,,,,,,0,,,,Y,Y,20,103,,,https://img.lazcdn.com/g/p/41d75afd7ce1b1c854758bce8c87c5b4.jpg_720x720q80.jpg
generic-dw-liq---pnk-m,10133,GENERIC DW LIQ - PNK M,,,N,,,,,,,0,,,,Y,Y,30,38,,,https://mage.entrelabel.com/media/magefan_blog/445387342_983720110428282_987447433944668336_n.jpg
generic-dw-liq---pnk-m-1,10134,GENERIC DW LIQ - PNK M,Cleaning/Laundry Supplies,,N,,,,,,,0,,,,Y,Y,25,38,,,https://mage.entrelabel.com/media/magefan_blog/445387342_983720110428282_987447433944668336_n.jpg
generic-dw-liq---pnk-s,10132,GENERIC DW LIQ - PNK S,Cleaning/Laundry Supplies,,N,,,,,,,0,,,,Y,Y,20,55,,,https://mage.entrelabel.com/media/magefan_blog/445387342_983720110428282_987447433944668336_n.jpg
generic-dw-liq---ylw-m,10131,GENERIC DW LIQ - YLW M,Cleaning/Laundry Supplies,,N,,,,,,,0,,,,Y,Y,30,38,,,https://www.packnet.co.za/cdn/shop/files/GenericLabelDishwashArtwork.jpg?v=1708598772&width=990
generic-dw-liq---lem,10027,GENERIC DW LIQ - YLW S,Cleaning/Laundry Supplies,<p>LEMON / YELLOW</p>,N,,,,,,,0,,,,Y,Y,20,251,,,https://cdn.globalso.com/dqpack/Y2306（49）.jpg
gillette-rubie-blade,10316,GILLETTE RUBIE BLADE,HOME ESSENTIALS,,N,,,,,,,0,4.80004E+12,,,N,Y,15,,,,https://medsgo.ph/images/detailed/30/53042-removebg-preview[1].png
great-taste-choco,10221,GREAT TASTE CHOCO,FOOD,,N,,,,,,,12.5,4.80002E+12,,,Y,Y,15,37,,,http://sukli.com/cdn/shop/files/GreatTaste-ChocoCoffeeMix-10PackSachet-30g_1200x1200.jpg?v=1749668683
great-taste-premium-roast,10204,GREAT TASTE PREMIUM ROAST,FOOD,,N,,,,,,,12.35,4.80002E+12,,,Y,Y,15,27,,,https://ever.ph/cdn/shop/files/100000096015-Great-Taste-Premium-Roast-CoffeeMixTP5x40g-260218.jpg?v=1771405376&width=1946
great-taste-stick,10194,GREAT TASTE STICK,DRINKS,,N,,,,,,,2.71,4.80002E+12,,,Y,Y,5,106,,,https://img.lazcdn.com/g/p/21299005445a849cfba1703b3cf8514e.jpg_720x720q80.jpg
great-taste-white-s.,10205,GREAT TASTE WHITE S.,FOOD,,N,,,,,,,8.2,4.80002E+12,,,Y,Y,10,30,,,https://www.jgsummit.com.ph/images/2019/04/03/25b1d3391b1c2b7e0338801cf566fd4cdf482bc0.jpg
happy-bbq,10182,HAPPY BBQ,SNACKS,,N,,,,,,,0,4.80009E+12,,,Y,Y,2,60,,,https://d2j6dbq0eux0bg.cloudfront.net/images/17197054/1298756084.jpg
happy-classic,10179,HAPPY CLASSIC,SNACKS,,N,,,,,,,0,4.80009E+12,,,Y,Y,2,60,,,https://lookaside.fbsbx.com/lookaside/crawler/media/?media_id=813328347942715
happy-hotnspcy,10181,HAPPY HOTNSPCY,SNACKS,,N,,,,,,,0,4.80009E+12,,,Y,Y,2,45,,,https://almerepinoystore.com/wp-content/uploads/2023/01/happy-classic-nuts-sweet-and-spicy.png
happy-med-colored-diapers,10082,HAPPY MED COLORED DIAPERS,BABY ESSENTIALS,,N,,,,,,,0,4.80229E+12,,,N,Y,230,,,,https://lzd-img-global.slatic.net/g/p/8c16b1b9a232d722fa90af76ed9dca53.png_720x720q80.png
happy-xl-colored,10081,HAPPY XL COLORED,BABY ESSENTIALS,,N,,,,,,,0,4.80229E+12,,,N,Y,280,,,,https://lookaside.fbsbx.com/lookaside/crawler/media/?media_id=813328347942715
head&-shoulders(cool-menthol),10243,HEAD& SHOULDERS(COOL MENTHOL),,,N,,,,,,,7,4.90243E+12,,,Y,Y,9,11,5,,https://static.wixstatic.com/media/cfee3d_ca85dcbe5cb54ed09a9219b8e39d3e47~mv2.webp
h&s-ss,10020,HEAD& SHOULDERS(SMOOTH & SILKY),BATH ESSENTIALS,<p>SMOOTH AND SILKY / PINK</p>,N,,,,,,,0,4.90243E+12,,,Y,Y,9,9,,,https://ph-test-11.slatic.net/p/1f1a910943800944ddab44d4b659e158.jpg
hiho-garlic,10184,HIHO GARLIC,SNACKS,,N,,,,,,,0,4.80009E+12,,,Y,Y,2,45,,,https://shopsuki.ph/cdn/shop/files/4800092331619_800x.jpg?v=1696400089
hobe-chkn-stnghn,10200,HOBE CHKN STNGHN,FOOD,,N,,,,,,,27.49,4.80053E+12,,,Y,Y,32.5,12,,,https://negosentro.com/wp-content/uploads/2023/08/HOBE_NEGO_0-1.jpg
hobe-instant-sotanghon,10199,HOBE INSTANT SOTANGHON,FOOD,,N,,,,,,,27.49,4.80053E+12,,,Y,Y,32.5,12,,,https://lookaside.fbsbx.com/lookaside/crawler/media/?media_id=716687091120128
holiday-beef-loaf,10260,HOLIDAY BEEF LOAF,FOOD,,N,,,,,,,21,4.80007E+12,,,Y,Y,25,12,,,https://shopmetro.ph/mandaluyong-supermarket/wp-content/uploads/2025/04/SM2092904cs-1-6.jpg
holiday-luncheon-meat,10071,HOLIDAY LUNCHEON MEAT,FOOD,,N,,,,,,,0,4.80007E+12,,,Y,Y,38,9,,,https://img.lazcdn.com/g/p/a400379a3ad5c455b45b97200cceee0b.jpg_720x720q80.jpg
holiday-p&b-170g,10036,HOLIDAY P&B 170G,FOOD,,N,,,,,,,0,4.80007E+12,,,Y,Y,23,30,,,https://s1-ecp.packola.com/988/1400x1190/Packola_Holiday_Packaging_B2.jpg
holiday-spicy-corned-beef,10069,HOLIDAY SPICY CORNED BEEF,FOOD,,N,,,,,,,0,4.80007E+12,,,Y,Y,38,2,,,http://zbga.shopsuki.ph/cdn/shop/files/4800066122304_6d2be0e1-737a-4835-8aa4-60327fcd4cc3_1024x.jpg?v=1685600137
holiday-vienna-sausage,10070,HOLIDAY VIENNA SAUSAGE,FOOD,,N,,,,,,,0,4.80007E+12,,,Y,Y,45,28,,,https://shopsuki.ph/cdn/shop/files/37600820530_800x.jpg?v=1706142041
ice-cube-1kl,10298,ICE CUBE 1KG,ICE,,Y,,,,,,,13,,,,Y,Y,25,10,,,https://img.lazcdn.com/g/ff/kf/S9279d1b35aab43e9a728038e70d912a91.jpg_720x720q80.jpg_.webp
ice-cube-2kg,10299,ICE CUBE 2KG,ICE,,Y,,,,,,,24,,,,Y,Y,35,5,,,https://api.crystalfrozen.com/files/products/product_0_1684418328_3293.jpeg
ice-cube-3kg,10300,ICE CUBE 3KG,ICE,,N,,,,,,,33,,,,Y,Y,45,5,,,https://cheapbasket.com.cy/media/e0/4f/60/1752684981/0198142a6b3e70d1add2058ebf192cf9.jpg.jpg?ts=1752684981
keratin-plus-(gold)-20g,10242,KERATIN PLUS (GOLD) 20g,HOME ESSENTIALS,,N,,,,,,,6,4.80652E+12,,,Y,Y,10,24,5,,https://ph-test-11.slatic.net/p/d002f57523dd17fe241153ee0a8f1c71.jpg
kopiko-blanca,10175,KOPIKO BLANCA 2PK,FOOD,,N,,,,,,,0,8.99867E+12,,,Y,Y,15,10,,,https://cf.shopee.ph/file/8d6b526193030271c7b0db54fa9e4c12
kopiko-blk,10174,KOPIKO BLK 2PK,FOOD,,N,,,,,,,0,8.99867E+12,,,Y,Y,15,10,,,https://jessicafilipinofoods.co.uk/wp-content/uploads/2024/01/kopiko-blacl.jpg
kopiko-brown,10176,KOPIKO BROWN 2PK,FOOD,,N,,,,,,,0,8.99867E+12,,,Y,Y,15,10,,,https://img.lazcdn.com/g/p/3bfdd300392622090a08665f49785cf8.jpg_720x720q80.jpg
kropek-ni-mangjuan,10226,KROPEK NI MANGJUAN,SNACKS,,N,,,,,,,23.01,4.80002E+12,,,Y,Y,29.5,18,,,https://images.freshop.ncrcloud.com/1564405684714621830/6a71367e685e94d785ce99f4ad9f0b8c_large.png
la-mia-tuna-afrtda,10233,LA MIA TUNA AFRTDA,FOOD,,N,,,,,,,33.18,,,,Y,Y,38,15,,,http://www.lamia.ph/wp-content/uploads/2024/01/Afritada_Tuna-Products-527x800.png
la-mia-tuna-flksnoil,10234,LA MIA TUNA FLKSNOIL,FOOD,,N,,,,,,,33.18,,,,Y,Y,38,16,,,http://www.lamia.ph/wp-content/uploads/2024/01/Flakes-in-oil_Tuna-Products.png
la-mia-tuna-hotspcy,10232,LA MIA TUNA HOTSPCY,FOOD,,N,,,,,,,33.18,,,,Y,Y,38,16,,,https://www.lamia.ph/wp-content/uploads/2024/01/Hot-Spicy_Tuna-Products.png
lampein---m-12pcs,10028,LAMPEIN - M 12PCS,BABY ESSENTIALS,<p>12 PCS - MEDIUM</p>,N,,,,,,,0,4.80651E+12,,,Y,Y,125,12,,,https://img.lazcdn.com/g/p/0afdc236f21b45a54143952a71d8acb5.jpg_720x720q80.jpg
lampein---m-15pcs,10029,LAMPEIN - M 15+1,BABY ESSENTIALS,<p>MEDIUM 15 PCS</p>,N,,,,,,,0,4.80651E+12,,,Y,Y,155,8,,,https://shopsuki.ph/cdn/shop/files/4806506315534a_800x.jpg?v=1714130106
lampein---m-4pcs,10030,LAMPEIN - M 4PCS,BABY ESSENTIALS,,N,,,,,,,0,4.80651E+12,,,Y,Y,40,4,,,https://www.panaboonlinegrocery.com/sunshine/assets/uploads/lampein-med12.png
lampein-nb-s-12pcs,10073,LAMPEIN NB-S 12PCS,BABY ESSENTIALS,,N,,,,,,,0,4.80651E+12,,,Y,Y,110,10,,,https://img.lazcdn.com/g/p/0afdc236f21b45a54143952a71d8acb5.jpg_720x720q80.jpg
lampein-pants---xl-25+2,10031,LAMPEIN PANTS - XL 25+2,BABY ESSENTIALS,<p>LAMPEIN XL ORANGE</p>,N,,,,,,,0,4.80651E+12,,,Y,Y,265,1,,,https://shopsuki.ph/cdn/shop/files/4806506317149_800x.jpg?v=1731638303
lampein-xxl-12pcs,10078,LAMPEIN XXL 12PCS,BABY ESSENTIALS,,N,,,,,,,0,4.80651E+12,,,Y,Y,145,4,,,https://cdn11.bigcommerce.com/s-dmb1ykvg7m/images/stencil/1280x1280/products/35841/4542/027405__73211.1593677698.jpg?c=2
lift-berry-bolt-320,10111,LIFT BERRY BOLT 320,DRINKS,,N,,,,,,,0,4.80198E+12,,,Y,Y,18,7,,,https://www.tiktok.com/api/img/?itemId=7615083142281465108&location=0&aid=1988
lift-citrus-blast-320,10110,LIFT CITRUS BLAST 320,DRINKS,,N,,,,,,,0,4.80198E+12,,,Y,Y,18,7,,,https://www.marriagemarkers.com/wp-content/uploads/2025/08/Undo-the-Usual-Go-Lift-Mode.jpg
lion-tiger-katol,10043,LION TIGER KATOL - COIL,HOME ESSENTIALS,,N,,,,,,,0,4.8001E+12,,,N,Y,5,,,,https://liontigerph.com/wp-content/uploads/2025/06/premium-coil-lt.webp
lkyme-beef,10164,LUCKYME BEEF,FOOD,,N,,,,,,,0,4.80777E+12,,,Y,Y,12,12,,,https://luckyme.ph/static/uploads/products/product_25_1d1d6229.webp
lkyme-pnctcntn-chilimansi,10168,LUCKYME PNCTCNTN CHILIMANSI,FOOD,,N,,,,,,,0,4.80777E+12,,,Y,Y,15,12,,,https://pagbilan.co.uk/wp-content/uploads/2023/10/IMG_1391.jpeg
lkyme-pnctcntn-kal,10165,LUCKYME PNCTCNTN KAL,FOOD,,N,,,,,,,0,4.80777E+12,,,Y,Y,15,10,,,https://luckyme.ph/static/uploads/products/product_17_2e4d99ba.webp
lkyme-pnctcntn-orig,10166,LUCKYME PNCTCNTN ORIG,FOOD,,N,,,,,,,0,4.80777E+12,,,Y,Y,15,9,,,https://luckyme.ph/static/uploads/products/product_16_3dbc1962.webp
lkyme-pnctcntn-xtrahot,10167,LUCKYME PNCTCNTN XTRAHOT,FOOD,,N,,,,,,,0,4.80777E+12,,,Y,Y,15,10,,,https://filipino.is/wp-content/uploads/2022/11/Lucky-Me-PC-Extra-Hot-Chili-80g.jpg
magic-chips-bbq,10224,MAGIC CHIPS BBQ,SNACKS,,N,,,,,,,7.92,4.80002E+12,,,Y,Y,10,48,,,https://www.philvending.com.ph/wp-content/uploads/2018/07/MAGIC-CHIPS-BBQ-2-scaled.jpg
magic-chips-cheese,10195,MAGIC CHIPS CHEESE,SNACKS,,N,,,,,,,7.92,4.80393E+12,,,Y,Y,10,3,,,https://img.lazcdn.com/g/p/db31928fcebf5c72ef5fe50ce2a2523c.jpg_720x720q80.jpg
magic-creams-butter,10214,MAGIC CREAMS BUTTER,SNACKS,,N,,,,,,,5.55,4.80002E+12,,,Y,Y,9,18,,,https://cf.shopee.ph/file/6052c97192cc518f7c20969bb0d61e85
magic-creams-choco,10213,MAGIC CREAMS CHOCO,SNACKS,,N,,,,,,,5.55,4.80002E+12,,,Y,Y,9,20,,,https://ph-test-11.slatic.net/p/6f4c183674667d0a37cf38069a02b0e6.jpg
magic-creams-condensed,10212,MAGIC CREAMS CONDENSED,SNACKS,,N,,,,,,,5.55,4.80002E+12,,,Y,Y,9,20,,,http://sukli.com/cdn/shop/files/Jack_nJill-MagicCreams-CondensadaCreamCrackerSandwich-280G_1200x1200.jpg?v=1712171462
magic-creams-peanut-butter,10211,MAGIC CREAMS PEANUT BUTTER,SNACKS,,N,,,,,,,5.55,4.80002E+12,,,Y,Y,9,16,,,https://ph-test-11.slatic.net/p/a2090f061ce3202fdae1258ea498ef0b.jpg
magic-flakes,10225,MAGIC FLAKES,SNACKS,,N,,,,,,,5.51,4.80002E+12,,,Y,Y,9,55,,,https://filebroker-cdn.lazada.com.ph/kf/S24ad13e57192478bae797951fa3c8b4fN.jpg
magic-flakes-cheese,10210,MAGIC FLAKES CHEESE,SNACKS,,N,,,,,,,5.55,4.80002E+12,,,Y,Y,9,20,,,https://ph-test-11.slatic.net/p/c25b93b6547f20f912a9ab879d21e4a1.jpg
mang-juan-suka'tsili-90g,10215,MANG JUAN SUKA'TSILI 90G,SNACKS,,N,,,,,,,22.5,4.80002E+12,,,Y,Y,29.5,16,,,https://imartgrocersph.com/wp-content/uploads/2020/09/Mang-Juan-Suka_t-Sili-90g.png
mang-juan-sukang-paombong,10139,MANG JUAN SUKANG PAOMBONG,SNACKS,,N,,,,,,,0,4.80002E+12,,,Y,Y,10,6,,,https://almerepinoystore.com/wp-content/uploads/2021/09/mang-juan-sukang-paombong-90g.jpg
mang-juan-sukang-paombong-90g,10216,MANG JUAN SUKANG PAOMBONG 90G,SNACKS,,N,,,,,,,22.5,4.80002E+12,,,Y,Y,29.5,17,,,https://almerepinoystore.com/wp-content/uploads/2021/09/mang-juan-sukang-paombong-90g.jpg
mang-juan-sukatsili,10141,MANG JUAN SUKATSILI,SNACKS,,N,,,,,,,0,4.80002E+12,,,Y,Y,10,2,,,https://imartgrocersph.com/wp-content/uploads/2020/09/Mang-Juan-Suka_t-Sili-26g.png
mayon-cream-corn-425g,10034,MAYON CREAM CORN 425G,FOOD,<p>MAYON CREAM STYLE CORN 425G</p>,N,,,,,,,0,4.80651E+12,,,Y,Y,41.5,3,,,"https://static.wixstatic.com/media/e00f4b_89aaaab6891b4806baa37aa7d042887a~mv2.png/v1/fill/w_980,h_980,al_c,q_90,usm_0.66_1.00_0.01,enc_avif,quality_auto/e00f4b_89aaaab6891b4806baa37aa7d042887a~mv2.png"
mayon-whole-kernel,10072,MAYON WHOLE KERNEL,FOOD,,N,,,,,,,0,4.80651E+12,,,Y,Y,41.5,6,,,https://nesabel.com/cdn/shop/products/MayonWholeKernelCorn425g_580x.png?v=1686793614
megasoft-tissue,10076,MEGASOFT TISSUE,HOME ESSENTIALS,,N,,,,,,,0,4.80651E+12,,,Y,Y,17.5,0,,,https://img.ws.mms.shopee.ph/ph-11134210-7rasi-m9tdtvzv9q8348
mighty-bond,10315,MIGHTY BOND,HOME ESSENTIALS,,N,,,,,,,0,4.80037E+12,,,Y,Y,15,177,,,https://admin.buildmaster.ph/wp-content/uploads/2025/08/MIGHTY-BOND-3GX5-STRIP.png
milo,10173,MILO,FOOD,,N,,,,,,,9.25,4.80036E+12,,,Y,Y,12,48,20,,https://www.nestle.com.ph/sites/g/files/pydnoa366/files/RESIZED - FA 20-2491 MILO RTD New Packaging 180ml v23 08132021 JAPOY (Square).jpg
minute-maid-250,10118,MINUTE MAID 250,DRINKS,,N,,,,,,,0,4.80198E+12,,,Y,Y,12,12,,,https://lzd-img-global.slatic.net/g/p/b38df5025766ab2ea8661f87d08e96d3.jpg_720x720q80.jpg
misua-pack-12s,10041,MISUA PACK 12S,FOOD,,N,,,,,,,0,4.80901E+12,,,Y,Y,52,7,,,https://lzd-img-global.slatic.net/g/ff/kf/S5f9f07df0ba24480a5e254032153bfaa4.jpg_720x720q80.jpg
misua-per-piece,10042,MISUA PER PIECE,FOOD,,N,,,,,,,0,,,,Y,Y,5,98,,,https://lzd-img-global.slatic.net/g/ff/kf/S5f9f07df0ba24480a5e254032153bfaa4.jpg_720x720q80.jpg
moby-caramel,10152,MOBY CARAMEL,SNACKS,,N,,,,,,,0,4.80052E+12,,,Y,Y,10,5,,,http://www.mayofilipinostore.com/cdn/shop/files/NETWT.907g-2025-09-25T013206.569.png?v=1758735265
modess-w/-wings-8pcs,10080,MODESS W/ WINGS 8PCS,FEMININE CARE,,N,,,,,,,0,8.85001E+12,,,Y,Y,52,1,,,https://st-b.medsgo.ph/images/detailed/33/modess-long-wings.png
monggo,10060,MONGGO,FOOD,,N,,,,,,,0,,,,Y,Y,22,44,,,https://img06.weeecdn.com/product/image/386/349/4B4A6331D2934D5B.png
mountain-dew-(290ml),10239,MOUNTAIN DEW (290ML),DRINKS,,N,,,,,,,16.35,4.80393E+12,,,Y,Y,20,4,5,,https://p16-oec-sg.ibyteimg.com/tos-alisg-i-aphluv4xwc-sg/0e8cd47e1c7e494aaa663ef006516934~tplv-aphluv4xwc-resize-jpeg:800:800.jpeg?dr=15584&t=555f072d&ps=933b5bde&shp=6ce186a1&shcp=e1be8f53&idc=maliva&from=1826719393
mountain-dew-1.5l,10275,MOUNTAIN DEW 1.5L,DRINKS,,N,,,,,,,62,4.80393E+12,,,Y,Y,72,6,,,https://p16-oec-va.ibyteimg.com/tos-maliva-i-o3syd03w52-us/36244e4586854e23a4e9553c4e3d4f54~tplv-o3syd03w52-resize-jpeg:800:800.jpeg?dr=15584&t=555f072d&ps=933b5bde&shp=6ce186a1&shcp=e1be8f53&idc=maliva&from=1826719393
mr-chips-manamis-mais,10219,MR CHIPS MANAMIS MAIS,SNACKS,,N,,,,,,,8.19,4.80002E+12,,,Y,Y,12,51,,,https://pinoyhyper.com/cdn/shop/files/download_46_a4ce94a4-e015-4539-9980-cd4787b267a4.png?v=1740500193&width=600
mr-chips-nacho-cheese-98g,10218,MR CHIPS NACHO CHEESE 98G,SNACKS,,N,,,,,,,22.5,4.80002E+12,,,Y,Y,30,3,,,https://p16-oec-va.ibyteimg.com/tos-maliva-i-o3syd03w52-us/50c9e59b332e480d86777c6bfdcd1cde~tplv-o3syd03w52-resize-jpeg:800:800.jpeg?dr=15584&t=555f072d&ps=933b5bde&shp=6ce186a1&shcp=e1be8f53&idc=maliva&from=1826719393
mr.-chips-24g,10148,MR. CHIPS 24G,SNACKS,,N,,,,,,,0,4.80002E+12,,,Y,Y,10,10,,,http://shopsuki.ph/cdn/shop/products/4800016652035_1024x.jpg?v=1712910588
natalicious,10196,natalicious,SNACKS,,N,,,,,,,0,4.80653E+12,,,Y,Y,10,4,,,https://p16-oec-va.ibyteimg.com/tos-maliva-i-o3syd03w52-us/efec9566bd564f23a28894d676135136~tplv-o3syd03w52-resize-jpeg:800:800.jpeg?dr=15584&t=555f072d&ps=933b5bde&shp=6ce186a1&shcp=e1be8f53&idc=maliva&from=1826719393
nature's-spring-1000ml,10188,NATURE'S SPRING 1000ML,DRINKS,,N,,,,,,,15.5,4.80005E+12,,,Y,Y,25,0,,,https://shop.naturespring.com.ph/cdn/shop/files/1000_b11119e5-86ca-4f0a-a735-4b205a8149c3_699x748_crop_center@2x.png?v=1701947412
nescafe-creamy-white,10127,NESCAFE CREAMY WHITE,FOOD,,N,,,,,,,0,4.80036E+12,,,Y,Y,15,8,,,https://www.nescafe.com/ph/sites/default/files/2025-03/CW Front 960x960px.png
nescafe-original-2pk,10128,NESCAFE ORIGINAL 2PK,FOOD,,N,,,,,,,0,4.80036E+12,,,Y,Y,15,8,,,https://images.deliveryhero.io/image/darkstores/nv-global-catalog/ph/205be0cb-7c4d-4549-a1e4-8229aa866dac.png?height=480&dpi=2
nescafe-stick,10189,NESCAFE STICK,FOOD,,N,,,,,,,0,4.80036E+12,,,N,Y,5,,,,https://www.nescafe.com/ph/sites/default/files/2024-06/Classic Stick Front.png
nestle-(almond-brownie-fudge)1.3l,10289,NESTLE (ALMOND BROWNIE FUDGE)1.3L,ICE CREAM 🍦,,N,,,,,,,280,4.80653E+12,,,Y,Y,330,2,,,https://images.deliveryhero.io/image/darsktores-ph/food/4800361394970.png?height=480
nestle-(chocolate)1.3l,10290,NESTLE (CHOCOLATE)1.3L,ICE CREAM 🍦,,N,,,,,,,275,4.80653E+12,,,Y,Y,325,2,,,https://philfastfood.com/wp-content/uploads/2024/12/detail_3301_choco_classic-1.png
nestle-(classic-affogato-sundae)750ml,10285,NESTLE (CLASSIC AFFOGATO SUNDAE)750ML,ICE CREAM 🍦,,N,,,,,,,214,4.80653E+12,,,Y,Y,235,2,,,https://images.freshop.ncrcloud.com/1764405684715222444/4a451cfd6f92a79965ad5b10aa1b6b05_large.png
nestle-(cookie's-&-cream)1.3l,10291,NESTLE (COOKIE'S & CREAM)1.3L,ICE CREAM 🍦,,N,,,,,,,275,4.80653E+12,,,Y,Y,325,3,,,http://shopsuki.ph/cdn/shop/files/4806534190516_1024x.jpg?v=1745509223
nestle-(double-dutch)1.3l,10292,NESTLE (DOUBLE DUTCH)1.3L,ICE CREAM 🍦,,N,,,,,,,291,4.80653E+12,,,Y,Y,345,3,,,https://images.freshop.ncrcloud.com/1564405684702508878/882bb5abd4fba400bd53dcbb8880ca87_large.png
nestle-(mango-cheesecake)750ml,10283,NESTLE (MANGO CHEESECAKE)750ML,ICE CREAM 🍦,,N,,,,,,,214,4.80653E+12,,,Y,Y,235,2,,,https://images.freshop.ncrcloud.com/1764405684715222450/84a2a16489b547322735b917f8ef21c8_large.png
nestle-(mango)1.3l,10297,NESTLE (MANGO)1.3L,ICE CREAM 🍦,,N,,,,,,,265,4.80653E+12,,,Y,Y,315,2,,,https://img.lazcdn.com/g/p/ec21d93780ab8a44c20b912814b95aa5.jpg_720x720q80.jpg
nestle-(mocha-&-cashew)1.3l,10295,NESTLE (MOCHA & CASHEW)1.3L,ICE CREAM 🍦,,N,,,,,,,280,4.80653E+12,,,Y,Y,330,2,,,https://lzd-img-global.slatic.net/g/p/e1518bb6b646ce4afc0c2667ed23b63f.png_720x720q80.png
nestle-(rocky-road)1.3l,10294,NESTLE (ROCKY ROAD)1.3L,ICE CREAM 🍦,,N,,,,,,,280,4.80653E+12,,,Y,Y,330,1,,,https://images.freshop.ncrcloud.com/1564405684702508880/f0f0e25d60129dcfa4f9b817834eeb08_large.png
nestle-(salted-caramel-sundae),10286,NESTLE (SALTED CARAMEL SUNDAE),ICE CREAM 🍦,,N,,,,,,,114,4.80653E+12,,,Y,Y,235,2,,,https://images.freshop.ncrcloud.com/1764405684715222448/bd222254e6c0eee7894e6708e77a9f69_large.png
nestle-(ube)1.3l,10293,NESTLE (UBE)1.3L,ICE CREAM 🍦,,N,,,,,,,265,4.80653E+12,,,Y,Y,315,2,,,https://images.freshop.ncrcloud.com/1564405684702508852/9c35d1ddc0a2fe7228e1d9e32a22d726_large.png
nestle-(almond-brownie-fudge)750ml,10287,NESTLE 2in1 (ALMOND BROWNIE FUDGE& COOKIES)750ML,ICE CREAM 🍦,,N,,,,,,,168,4.80653E+12,,,Y,Y,215,2,,,https://media.pickaroo.com/media/thumb/variant_photos/2022/9/12/HYvruJi6Usu5XESRWWFLM6_watermark_400.jpg
nestle-(rocky-road)-750ml,10288,NESTLE 2in1 (ROCKY ROAD & DOUBLE DUTCH) 750ML,ICE CREAM 🍦,,N,,,,,,,168,4.80653E+12,,,Y,Y,215,2,,,https://assets.unileversolutions.com/v1/124824338.png
nips-milk-choco,10206,NIPS MILK CHOCO,SNACKS,,N,,,,,,,5.87,4.80002E+11,,,Y,Y,8,19,,,https://lsmedia.linker-cdn.net/279971/2024/13441861.jpg
nips-peanut,10203,NIPS PEANUT,SNACKS,,N,,,,,,,5.87,4.80036E+12,,,Y,Y,8,14,,,https://ph-test-11.slatic.net/p/022103470d15067ff45cd8a7d57aa433.jpg
nips-white-choco,10258,NIPS WHITE CHOCO PACK,SNACKS,,N,,,,,,,28.95,4.80002E+12,,,Y,Y,35,22,,,https://foodpanda.dhmedia.io/image/darkstores/nv-global-catalog/ph/8cdc14b9-1d59-4fe3-aad4-44956f66b3bb.jpg?height=480
nips-white-choco-piece,10259,NIPS WHITE CHOCO PIECE,SNACKS,,N,,,,,,,1.2,,,,Y,Y,2,24,,,https://foodpanda.dhmedia.io/image/darkstores/nv-global-catalog/ph/8cdc14b9-1d59-4fe3-aad4-44956f66b3bb.jpg?height=480
nissin-cup-noodles-spcyhtbf,10228,NISSIN CUP NOODLES SPCYHTBF,FOOD,,N,,,,,,,22.01,,,,Y,Y,30,10,,,https://lzd-img-global.slatic.net/g/p/7e2f35fe6c0ff651083b026cd3056e43.jpg_720x720q80.jpg
nissin-cup-noodles-spcysf,10229,NISSIN CUP NOODLES SPCYSF,FOOD,,N,,,,,,,22.01,,,,Y,Y,30,8,,,https://cf.shopee.ph/file/51ca666024536d9ef712904fe1036320
nobrelli-(choco-keso-ube)1.3l,10281,NOBRELLI (CHOCO-KESO-UBE)1.3L,ICE CREAM 🍦,,N,,,,,,,168,4.80653E+12,,,Y,Y,189,5,,,https://d2j6dbq0eux0bg.cloudfront.net/images/17197054/2650348632.jpg
nobrelli-(choco-mangga-ube)-1.3l,10282,NOBRELLI (CHOCO-MANGGA-UBE) 1.3L,ICE CREAM 🍦,,N,,,,,,,168,4.80653E+12,,,Y,Y,189,5,,,https://zbga.shopsuki.ph/cdn/shop/files/4806534190073_1024x.jpg?v=1744796086
nobrelli-(choco-pandan-ube)-1.3l,10280,NOBRELLI (CHOCO-PANDAN-UBE) 1.3L,ICE CREAM 🍦,,N,,,,,,,168,4.80653E+12,,,Y,Y,189,5,,,https://zbga.shopsuki.ph/cdn/shop/files/4806534190080_800x.jpg?v=1744796404
nova-cntry-chddr-fs,10149,NOVA CNTRY CHDDR FS,SNACKS,,N,,,,,,,0,,,,Y,Y,8,11,,,https://avicatransport.com/cdn/shop/products/nova.jpg?v=1675419327&width=1445
ntrisnk-cheezit,10138,NTRISNK CHEEZIT,SNACKS,,N,,,,,,,0,4.80052E+12,,,Y,Y,9,9,,,https://www.filipinofiesta.nl/cdn/shop/files/cheez-it.jpg?v=1712831709&width=533
nutriboost-choco-110,10112,NUTRIBOOST CHOCO 110,DRINKS,,N,,,,,,,0,4.80198E+12,,,Y,Y,15,18,,,https://lzd-img-global.slatic.net/g/p/mdc/2b58164f05118091e2af5e29c880770d.png_720x720q80.png
nutriboost-strwbrry-110,10113,NUTRIBOOST STRWBRRY 110,DRINKS,,N,,,,,,,0,4.80198E+12,,,Y,Y,15,19,,,http://zbga.shopsuki.ph/cdn/shop/files/109378840_1_1024x.jpg?v=1698032531
odong,10039,ODONG PACK,FOOD,,N,,,,,,,0,4.80901E+12,,,Y,Y,40,6,,,https://blogger.googleusercontent.com/img/b/R29vZ2xl/AVvXsEj9KZGD1hzprd0Qg55IPe_WpmzVRNeANtzpjkmbYqa5xmsIp-lT7Vgb2-ZzrreEjYM_wxaxoqgq0kUz_Tfw-UBZQFFuU_ikVDVfLtq6-E25tlOlmlUPtzmLLz21yGtF76jyzWptMl6KPAFx/w716-h475/odong+-+Gaisano+Mall%252C+Tagum+City%252C+Davao+del+Norte+-+for+posting+%2528watermarked%2529+%25283%2529.JPG
odong-per-piece,10040,ODONG PER PIECE,FOOD,,N,,,,,,,0,,,,Y,Y,4,72,,,https://2.bp.blogspot.com/-HFSxiA9HNug/W1wX0IAlUrI/AAAAAAAA9HM/7tepJpmHrdUBX3K2_uJU9hgzProhouuZgCLcBGAs/s1600/odong%2B-%2BGaisano%2BMall%252C%2BTagum%2BCity%252C%2BDavao%2Bdel%2BNorte%2B-%2Bfor%2Bposting%2B%2528watermarked%2529%2B%25282%2529.JPG
oishi-cracklings,10130,OISHI CRACKLINGS,SNACKS,,N,,,,,,,0,4.80019E+12,,,Y,Y,10,12,,,https://p16-oec-sg.ibyteimg.com/tos-alisg-i-aphluv4xwc-sg/22988ff52d28415da1a7201c3d8afaee~tplv-aphluv4xwc-resize-jpeg:800:800.jpeg?dr=15584&t=555f072d&ps=933b5bde&shp=6ce186a1&shcp=e1be8f53&idc=maliva&from=1826719393
oishi-onion-rngs,10137,OISHI ONION RNGS,SNACKS,,N,,,,,,,0,4.80019E+12,,,Y,Y,10,6,,,https://images.deliveryhero.io/image/darsktores-ph/food/4800194104982.jpg?height=480
oishi-potato-fries,10088,OISHI Potato Fries,SNACKS,,N,,,,,,,0,4.80019E+12,,,Y,Y,10,10,,,https://www.oishi.com.ph/wp-content/uploads/2017/04/Potato-Fries-Cheese-50g-BM.png
oishi-prwn-crckrs,10136,OISHI PRWN CRCKRS,SNACKS,,N,,,,,,,0,4.80019E+12,,,Y,Y,10,11,,,https://heyexplorer.com/wp-content/uploads/2020/11/Oishi-Prawn-Crackers.png
oishi-prwn-crckrs-spcy-1,10142,OISHI PRWN CRCKRS SPCY,SNACKS,,N,,,,,,,0,4.80019E+12,,,Y,Y,10,2,,,https://pinoywarehouse.com.au/wp-content/uploads/2021/03/Oishi-Prawn-Crackers-SPICY-90g.jpg
oishi-prwn-crckrs-spcy,10135,OISHI PRWN CRCKRS SWTNSPCY,SNACKS,,N,,,,,,,0,4.80019E+12,,,Y,Y,10,10,,,https://i.pinimg.com/originals/58/22/1a/58221a7678ebb2cbbc46117ab562eae7.jpg
oishi-rinbee,10140,OISHI RINBEE,SNACKS,,N,,,,,,,0,4.89121E+12,,,Y,Y,10,9,,,https://cf.shopee.ph/file/sg-11134201-22110-z07qtorqj0jve6
omega120,10004,OMEGA120,ESSENTIAL OILS,<p>120ML</p>,N,,,,,,,0,4.80001E+12,,,Y,Y,120,3,0,,https://imsnaturally.com/wp-content/uploads/2022/07/ultimate-omega-120.jpg
omega15,10006,OMEGA15,ESSENTIAL OILS,<p>15ML</p>,N,,,,,,,0,4.80001E+12,,,Y,Y,22.5,7,5,,https://lookaside.fbsbx.com/lookaside/crawler/media/?media_id=117362364274676
omega30ml,10002,OMEGA30,ESSENTIAL OILS,<p>30ML</p>,N,,,,,,,0,4.80001E+12,,,Y,Y,41,13,5,,https://i.pinimg.com/736x/ac/bc/60/acbc6036acf8f88d469606f61fdfb32d.jpg
omega60,10003,OMEGA60,ESSENTIAL OILS,<p>60ML</p>,N,,,,,,,0,4.80001E+12,,,Y,Y,67,4,0,,https://www.vita2life.com/wp-content/uploads/2025/03/Max-Omega-care-60-softgels-bottle-1-2-1-scaled-e1745328359145.jpg
oreo-1l,10284,OREO 1L,ICE CREAM 🍦,,N,,,,,,,312,4.80036E+12,,,Y,Y,335,3,,,https://www.jarsking.com/wp-content/uploads/2025/01/oreo-packaging.webp
oreo-ice-cream-110ml,10278,OREO ICE CREAM 110ML,ICE CREAM 🍦,,N,,,,,,,55,4.80653E+12,,,Y,Y,65,42,10,,https://images.freshop.ncrcloud.com/1564405684704639218/c93ada7c9b7991ad10b604be5d7d470f_large.png
oreo-ice-cream-450,10279,OREO ICE CREAM 450ML,ICE CREAM 🍦,,N,,,,,,,160,4.80036E+12,,,Y,Y,185,3,,,https://images.deliveryhero.io/image/darkstores/nv-global-catalog/ph/36b8be45-9a88-4f3c-b75d-b4ef3ea01137.png?height=480
osaka-sardines,10201,OSAKA SARDINES,FOOD,,N,,,,,,,23.39,4.80004E+12,,,Y,Y,26,35,,,https://megaprimefoods.com.ph/wp-content/uploads/2024/06/unlocking-nutrition-mega-sardines.png
overload-blkfrst,10222,OVERLOAD BLKFRST,SNACKS,,N,,,,,,,7.92,4.80002E+12,,,Y,Y,10,10,,,https://img-s-msn-com.akamaized.net/tenant/amp/entityid/AA1Zz2B7.img?w=1280&h=960&m=4&q=82
overload-blkfrst-10s,10254,OVERLOAD BLKFRST 10S,SNACKS,,N,,,,,,,79.2,4.80002E+12,,,Y,Y,90,8,,,https://trillora.com/hubfs/hero-packaging-optimization.webp
overlaod-choco-strwbrry,10223,OVERLOAD CHOCO STRWBRRY,SNACKS,,N,,,,,,,7.92,4.80002E+12,,,Y,Y,10,9,,,https://cdn.store-assets.com/s/377840/i/17616488.jpg
overload-chocostrwbrry,10255,OVERLOAD CHOCOSTRWBRRY,SNACKS,,N,,,,,,,79.2,4.80002E+12,,,Y,Y,90,9,,,https://cdn.store-assets.com/s/377840/i/17616488.jpg
overload-chocostrwbrry-1,10256,OVERLOAD CHOCOSTRWBRRY,SNACKS,,N,,,,,,,79.2,4.80002E+12,,,Y,Y,90,9,,,https://cdn.store-assets.com/s/377840/i/17616488.jpg
palmolive-ad+sh,10018,PALMOLIVE AD+SH,BATH ESSENTIALS,<p>ANTIDANDRUFF+SCALPHEALTH / BLUE</p>,N,,,,,,,0,8.85001E+12,,,Y,Y,9,24,,,https://cf.shopee.ph/file/61cf7a1f1b0153ce3d80b2248d8d514e
palmolive-im,10017,PALMOLIVE IM,BATH ESSENTIALS,<p>INTENSIVE MOISTURE / PINK</p>,N,,,,,,,0,8.85001E+12,,,Y,Y,9,41,,,"https://sp-ao.shortpixel.ai/client/to_webp,q_glossy,ret_img,w_1280,h_720/http://www.square44.com/wp-content/uploads/2021/04/Slide3-8.jpg"
palmolive-ss,10016,PALMOLIVE SS,BATH ESSENTIALS,<p>SILKY STRAIGHT</p>,N,,,,,,,0,8.85001E+12,,,Y,Y,9,57,,,"https://sp-ao.shortpixel.ai/client/to_webp,q_glossy,ret_img,w_1280,h_720/http://www.square44.com/wp-content/uploads/2021/04/Slide3-8.jpg"
palmolive-us,10019,PALMOLIVE US,BATH ESSENTIALS,<p>ULTRASMOOTH / GREEN</p>,N,,,,,,,0,8.85001E+12,,,Y,Y,9,181,,,https://square44.com/wp-content/uploads/2021/04/Slide5-8.jpg
pampers-nb-4pcs,10074,PAMPERS NB 4PCS,BABY ESSENTIALS,,N,,,,,,,0,4.90243E+12,,,Y,Y,50,16,,,https://media.karousell.com/media/photos/products/2023/4/9/bundle_of_4_packs_pampers_baby_1681015788_1d358d48_progressive.jpg
peewee-pzza-sprm,10156,PEEWEE PZZA SPRM,SNACKS,,N,,,,,,,0,4.80052E+12,,,Y,Y,10,4,,,https://pinoywarehouse.com.au/wp-content/uploads/2025/08/Nutri_Snack_PeeWee_Pizza_Supreme_Flavored_Snack_95g_w_logo.png
peewee-spcy-chili,10154,PEEWEE SPCY CHILI,SNACKS,,N,,,,,,,0,4.80052E+12,,,Y,Y,10,9,,,https://nutristateline.com/wp-content/uploads/2024/08/PW-Spicy-Chili-2019-.jpg
piattos-cheese,10147,PIATTOS CHEESE,SNACKS,,N,,,,,,,0,4.80002E+12,,,Y,Y,20,4,,,https://blogger.googleusercontent.com/img/b/R29vZ2xl/AVvXsEgafJ-UN6KfzhEU1ThaZpkes9zpyYprAu0-l3R91t3i-TzE8HBhnpPa60aD78Ze-Q7bbUXzR18N_Pwkaw_yXi-n75o3exCWHBkxUxG2uISjY-UnaYnLG4Kg2_JrGJIgXQuANutzhulSeHU/s1600/Piattos.JPG
piattos-85g,10202,PIATTOS CHEESE 85G,SNACKS,,N,,,,,,,33.22,4.80002E+12,,,Y,Y,39.5,5,,,https://ph-test-11.slatic.net/p/8828b114c2b5e2644c489a930a567f14.jpg
piattos-roadhouse-bbq,10227,PIATTOS ROADHOUSE BBQ,SNACKS,,N,,,,,,,33.22,4.80002E+12,,,Y,Y,39.5,5,,,https://boholonlinestore.com/wp-content/uploads/2017/01/piattos_roadhouse_barbecue_chips_40g-600x600.jpg
piattos-sourcrm,10145,PIATTOS SOURCRM,SNACKS,,N,,,,,,,0,4.80002E+12,,,Y,Y,20,6,,,https://lzd-img-global.slatic.net/g/p/48645c01c131502843ca724b94c5b7cc.jpg_720x720q80.jpg
piattos-srcrm,10220,PIATTOS SRCRM,SNACKS,,N,,,,,,,33.22,4.80393E+12,,,Y,Y,39.5,4,,,https://blogger.googleusercontent.com/img/b/R29vZ2xl/AVvXsEgafJ-UN6KfzhEU1ThaZpkes9zpyYprAu0-l3R91t3i-TzE8HBhnpPa60aD78Ze-Q7bbUXzR18N_Pwkaw_yXi-n75o3exCWHBkxUxG2uISjY-UnaYnLG4Kg2_JrGJIgXQuANutzhulSeHU/s1600/Piattos.JPG
pillows-choco-38g,10272,PILLOWS CHOCO 38G,SNACKS,,N,,,,,,,9,4.80019E+12,,,Y,Y,12,12,,,https://ph-test-11.slatic.net/p/49331ed13f9d1e50dfbd7af80fabbd8e.jpg
pillows-ube-24g,10263,PILLOWS UBE 24G,SNACKS,,N,,,,,,,6.75,4.80019E+12,,,Y,Y,9,17,,,https://ph-test-11.slatic.net/p/c0fd0ab970fc721248879db7a344ce54.jpg
premium-dw-liq---cal,10025,PREMIUM DW LIQ - CAL,Cleaning/Laundry Supplies,<p>CALAMANSI</p>,N,,,,,,,0,,,,Y,Y,40,71,,,https://lookaside.fbsbx.com/lookaside/crawler/media/?media_id=1205877768230577
premium-dw-liq---green-apple,10089,PREMIUM DW LIQ - GREEN APPLE,Cleaning/Laundry Supplies,,N,,,,,,,0,,,,Y,Y,40,30,,,"https://static.wixstatic.com/media/c81dd2_0dbae07ff93e460c89be1e5e787ae742~mv2.webp/v1/fill/w_1024,h_1024,al_c,q_85,enc_avif,quality_auto/c81dd2_0dbae07ff93e460c89be1e5e787ae742~mv2.webp"
premium-dw-liq---lem,10026,PREMIUM DW LIQ - LEM,Cleaning/Laundry Supplies,<p>LEMON / YELLOW</p>,N,,,,,,,0,,,,Y,Y,40,57,,,https://www.quantumsupplies.co.uk/wp-content/uploads/2022/06/4561-min-600x800.jpg
premium-dw-liq-antibac,10090,PREMIUM DW LIQ ANTIBAC,Cleaning/Laundry Supplies,,N,,,,,,,0,,,,Y,Y,42,84,,,https://img.lazcdn.com/g/ff/kf/S9d9a641592124ef697793e4ce4fbcb3ft.jpg_720x720q80.jpg
presto-choco,10207,PRESTO CHOCO,SNACKS,,N,,,,,,,6.13,4.80001E+12,,,Y,Y,10,11,,,https://img.lazcdn.com/g/p/63f02ecbd8b667031de4a1f0c94f58e7.jpg_720x720q80.jpg
presto-choco-vanilla,10209,PRESTO CHOCO VANILLA,SNACKS,,N,,,,,,,5.87,4.80001E+12,,,Y,Y,10,20,,,https://www.mayofilipinostore.com/cdn/shop/files/NETWT.907g_41.png?v=1758650881
presto-peanut-butter,10208,PRESTO PEANUT BUTTER,SNACKS,,N,,,,,,,6.13,4.80001E+12,,,Y,Y,10,16,,,https://ph-test-11.slatic.net/p/9f993f1853409ed61ff81dace550dbc1.jpg
ptato-frs,10151,PTATO FRS,SNACKS,,N,,,,,,,0,4.80019E+12,,,Y,Y,10,10,,,https://www.oishi.com.ph/wp-content/uploads/2017/04/potato-fries_tomato-ketchup_BM.png
rc,10276,RC,DRINKS,,N,,,,,,,33,4.80653E+12,,,Y,Y,43,6,,,https://lookaside.fbsbx.com/lookaside/crawler/media/?media_id=821960656639344
red-horse-500,10083,RED HORSE 500,DRINKS,,N,,,,,,,60,4.80103E+12,,,Y,Y,75,18,,,https://shopmetro.ph/basak-supermarket/wp-content/uploads/2021/03/SM9796144-8.png
red-horse-litro,10084,RED HORSE LITRO,DRINKS,,N,,,,,,,120,4.80103E+12,,,Y,Y,140,24,,,https://happyhour.ph/cdn/shop/products/red-horse-beer-bottle-199809.jpg?v=1708591373
refresh-500ml,10230,REFRESH 500ML,DRINKS,,N,,,,,,,8.65,4.80002E+12,,,Y,Y,12,67,,,https://imartgrocersph.com/wp-content/uploads/2020/08/Refresh-Mineral-Water-500mL.png
rejoice-4w,10022,REJOICE 4W,BATH ESSENTIALS,<p>4WASH&nbsp;</p>,N,,,,,,,0,4.90243E+12,,,Y,Y,11,26,,,https://lookaside.fbsbx.com/lookaside/crawler/media/?media_id=131741853563668
rexona-ice-cool-3ml,10310,REXONA ICE COOL 3ML,HOME ESSENTIALS,,N,,,,,,,7.92,4.80089E+12,,,Y,Y,10,12,,,https://www.rosepharmacy.com/ph1/wp-content/uploads/2020/01/64665.png
rexona-passion,10307,REXONA PASSION 3ML,HOME ESSENTIALS,,N,,,,,,,7.92,4.80089E+12,,,Y,Y,10,12,,,https://lzd-img-global.slatic.net/g/ff/kf/S6ce8eaeb94294d23b9c459195e796929a.jpg_720x720q80.jpg
rexona-powder-dry-3ml,10306,REXONA POWDER DRY 3ML,HOME ESSENTIALS,,N,,,,,,,7.92,4.80089E+12,,,Y,Y,10,12,,,http://shopsuki.ph/cdn/shop/files/4800888158888a_1024x.jpg?v=1718278038
rexona-quantum-dry,10309,REXONA QUANTUM DRY 3ML,HOME ESSENTIALS,,N,,,,,,,7.92,4.80089E+12,,,Y,Y,10,12,,,https://st-b.medsgo.ph/images/detailed/32/image_a7d82655-294b-4cf3-95e1-484a7a7c63e8_564x544_1_-removebg-preview.png
rexona-shower-clean,10308,REXONA SHOWER CLEAN 3ML,HOME ESSENTIALS,,N,,,,,,,7.92,4.80089E+12,,,Y,Y,10,12,,,https://medsgo.ph/images/thumbnails/509/510/detailed/32/883216_1_-removebg-preview.png
richee,10150,RICHEE,SNACKS,,N,,,,,,,0,4.80052E+12,,,Y,Y,10,5,,,https://images.deliveryhero.io/image/darsktores-ph/food/4800523220123.jpg?height=480
royal-190,10117,ROYAL 190,DRINKS,,N,,,,,,,0,4.80198E+12,,,Y,Y,15,21,,,https://www.shutterstock.com/shutterstock/photos/2301304677/display_1500/stock-photo-cavite-philippines-may-royal-tru-is-a-carbonated-fruit-flavored-soft-drink-brand-owned-2301304677.jpg
royal-237,10124,ROYAL 237,DRINKS,,N,,,,,,,0,,,,Y,Y,18,48,,,https://pcdpk.com/files/royal_lg.jpg
royale-antibac,10023,ROYALE ANTIBAC,Cleaning/Laundry Supplies,,N,,,,,,,0,8.99887E+12,,,Y,Y,8,17,,,https://images.freshop.ncrcloud.com/1564405684713010057/eb8fed71165c550866eae404f0c36676_large.png
safeguard-(extra-strong-cooling),10248,SAFEGUARD (EXTRA STRONG COOLING),HOME ESSENTIALS,,N,,,,,,,19.5,4.90243E+12,,,Y,Y,23,5,3,,https://deaskitchenandpinoydelicacies.com.au/cdn/shop/files/ACAF4A2B-3FFB-4651-9B00-3654899DC7FF_1024x1024@2x.jpg?v=1710445884
salt-1/4,10056,SALT 1/4,FOOD,,N,,,,,,,0,,,,Y,Y,9,114,,,https://mir-s3-cdn-cf.behance.net/project_modules/1400/300c0441330531.57a1be8bad4fc.jpg
salt-1kg,10057,SALT 1KG,FOOD,,N,,,,,,,0,,,,Y,Y,26,32,,,https://thevegangrocer.com.ph/cdn/shop/products/16_4a93b641-1612-4e30-8804-c93085c071b8.png?v=1681547466&width=1100
san-marino-chili-corned-tuna,10067,SAN MARINO CHILI CORNED TUNA,FOOD,,N,,,,,,,0,4.80025E+12,,,Y,Y,44,16,,,https://img.lazcdn.com/g/p/fa646910bc78673980e763b3fc575fee.jpg_720x720q80.jpg_.webp
san-marino-corned-tuna,10066,SAN MARINO CORNED TUNA,FOOD,,N,,,,,,,0,4.80025E+12,,,Y,Y,44,13,,,https://www.kuyastindahan.co.uk/images/san-marino-corned-tuna-p1036-2672_image.jpg
san-marino-spanish-style-tuna,10126,SAN MARINO SPANISH STYLE TUNA,FOOD,,N,,,,,,,0,4.80025E+12,,,Y,Y,45,10,,,https://img.lazcdn.com/g/p/d84f476ccea058d371e50bc0514e98fe.jpg_720x720q80.jpg_.webp
scissors,10305,SCISSORS,HOME ESSENTIALS,,N,,,,,,,24.5,4.85278E+12,,,Y,Y,30,12,,,https://thecustomizeboxes.com/assets/products-gallery/scissors-packaging-wholesale.webp
scour-power-sponge,10312,SCOUR POWER SPONGE,HOME ESSENTIALS,,N,,,,,,,20.5,6.97547E+12,,,Y,Y,25,12,,,http://www.alfatah.pk/cdn/shop/files/6972205100363_2_grande.jpg?v=1703222752
senorita-dry-peas,10068,SENORITA DRY PEAS,FOOD,,N,,,,,,,0,4.80651E+12,,,Y,Y,28,18,,,https://pinoywarehouse.com.au/wp-content/uploads/2023/12/senorita-cooked-dry-peas-155g-1.jpg
señorita-sardines,10264,SEÑORITA SARDINES,FOOD,,N,,,,,,,23.45,4.80651E+12,,,Y,Y,26,6,,,https://ph-test-11.slatic.net/p/0e636c754bb00c0cdfdc3fcd0aadb98d.png
señorita-sardines-1,10265,SEÑORITA SARDINES,FOOD,,N,,,,,,,23.45,4.80651E+12,,,Y,Y,26,6,,,https://ph-test-11.slatic.net/p/0e636c754bb00c0cdfdc3fcd0aadb98d.png
silka-(whitening-herbal-soap),10247,SILKA (WHITENING HERBAL SOAP),HOME ESSENTIALS,,N,,,,,,,18.2,4.80651E+12,,,Y,Y,22,9,5,,https://st-b.medsgo.ph/images/detailed/40/SILKA_Whitening_Herbal_Soap_Green_Papaya_90g.png
silver-swan-soy-sauce-1l,10061,SILVER SWAN SOY SAUCE 1L,FOOD,,N,,,,,,,0,4.80034E+12,,,Y,Y,56,3,,,https://cf.shopee.ph/file/ea425e2df3b49121920a53bff0a9a61e
silver-swan-soy-sauce-200ml,10065,SILVER SWAN SOY SAUCE 200ML,FOOD,,N,,,,,,,0,4.80034E+12,,,Y,Y,13,55,,,https://lzd-img-global.slatic.net/g/ff/kf/S237d41c2861f491c8c1c7d7271ea43fbn.jpg_720x720q80.jpg_.webp
silver-swan-soy-sauce-25ml,10038,SILVER SWAN SOY SAUCE 25ML,FOOD,,N,,,,,,,0,4.80034E+12,,,Y,Y,3,248,,,https://thumbs.dreamstime.com/z/silver-swan-soy-sauce-supermarket-shelf-product-philippines-310322537.jpg
silver-swan-suka,10062,SILVER SWAN SUKA 1L,FOOD,,N,,,,,,,0,4.80034E+12,,,Y,Y,45,3,,,https://img.lazcdn.com/g/p/ba2af5f83cdd775a1a3c088881a2390d.jpg_720x720q80.jpg
silver-swan-suka-200ml,10064,SILVER SWAN SUKA 200ML,FOOD,,N,,,,,,,0,4.80034E+12,,,Y,Y,11,56,,,https://www.panaboonlinegrocery.com/sunshine/assets/uploads/thumbs/silverswan-vinegar200ml.png
silver-swan-suka-25ml,10037,SILVER SWAN SUKA 25ML,FOOD,,N,,,,,,,0,4.80034E+12,,,Y,Y,3,133,,,https://nutriasia.com/wp-content/uploads/2023/05/SS3-sukang-puti-768x550.png
sisters-dry-maxi-8,10032,SISTERS DRY MAXI 8,FEMININE CARE,<p>DRY MAXI GREEN</p>,N,,,,,,,0,4.80651E+12,,,Y,Y,28,28,,,https://st-b.medsgo.ph/images/thumbnails/430/430/detailed/31/ezgif-4-383a9298d8-removebg-preview[1].png.png
sisters-night-plus-w/-wings-8pcs,10033,SISTERS NIGHT PLUS W/ WINGS 8PCS,FEMININE CARE,<p>SISTERS BLUE</p>,N,,,,,,,0,4.80651E+12,,,Y,Y,40,21,,,https://medias.watsons.com.ph/publishing/Sisters_Image2_10040737-HiBXBnju-zoom.jpg?version=1764058861
sisters-pantyliners-8pcs,10075,SISTERS PANTYLINERS 8PCS,FEMININE CARE,,N,,,,,,,0,4.80651E+12,,,Y,Y,15,32,,,https://shopsuki.ph/cdn/shop/products/4806506318931_1024x.jpg?v=1614060020
sm-flavored-beer,10085,SM FLAVORED BEER APPLE,DRINKS,,N,,,,,,,41,4.80103E+12,,,Y,Y,53,18,,,https://boozeshop.ph/cdn/shop/files/san_mig_flavored_beer_apple_can_330ml_x24_case.png?v=1739341734&width=533
sm-pale-pilsen,10086,SM PALE PILSEN 320ML,DRINKS,,N,,,,,,,45,4.80103E+12,,,Y,Y,58,24,,,https://www.liquidz.com.hk/wp-content/uploads/2021/03/San-Miguel-Pale-Pilsen-Cans-24-320mL-1-510x510.jpg
sm-pale-pilsen-grande,10087,SM PALE PILSEN GRANDE,DRINKS,,N,,,,,,,115,4.80103E+12,,,Y,Y,130,5,,,https://img.lazcdn.com/g/p/0007f4cb0987f6a031b5b039cf992e4e.jpg_720x720q80.jpg
speed-bar-blue,10094,SPEED BAR BLUE,Cleaning/Laundry Supplies,,N,,,,,,,0,4.80602E+12,,,Y,Y,25,34,,,http://shopsuki.ph/cdn/shop/files/4806020497310_1024x.jpg?v=1707360289
speed-bar-kalamansi,10097,SPEED BAR KALAMANSI,Cleaning/Laundry Supplies,,N,,,,,,,0,4.80602E+12,,,Y,Y,25,5,,,https://store.iloilosupermart.com/wp-content/uploads/2020/05/789754566.jpg
speed-bar-speckled-blue,10098,SPEED BAR SPECKLED BLUE,Cleaning/Laundry Supplies,,N,,,,,,,0,4.80602E+12,,,Y,Y,26,54,,,http://shopsuki.ph/cdn/shop/files/103652503_02581e79-527d-48dd-b138-6d51752cece4_1024x.png?v=1700627818
speed-bar-w/-fabcon,10096,SPEED BAR W/ FABCON,Cleaning/Laundry Supplies,,N,,,,,,,0,4.80602E+12,,,N,Y,27,,,,https://ph-test-11.slatic.net/p/ff989fef3be0f5246045e44a0505e918.png
sprcrnch-cheese,10159,SPRCRNCH CHEESE,SNACKS,,N,,,,,,,0,4.80037E+12,,,Y,Y,12,9,,,https://img.lazcdn.com/g/p/77bcd749d963d705f45e4cd9818e7d39.png_720x720q80.png
springmaid-toothbrush,10311,SPRINGMAID TOOTHBRUSH,HOME ESSENTIALS,,N,,,,,,,0,4.80601E+12,,,N,Y,15,,,,https://img.lazcdn.com/g/ff/kf/S21d988b258e943f2b65a4c51580972c6A.jpg_720x720q80.jpg
sprite-1.5l,10114,SPRITE 1.5L,DRINKS,,N,,,,,,,0,4.80198E+12,,,Y,Y,75,12,,,https://img.lazcdn.com/g/ff/kf/S639acb78a6cb4df7a779bf175b7db3304.jpg_720x720q80.jpg
sprite-237ml,10125,SPRITE 237ML,DRINKS,,N,,,,,,,0,,,,Y,Y,18,48,,,https://andinacocacolaar.vtexassets.com/arquivos/ids/156421/102030.jpg?v=639004471640970000
sting-290ml,10252,STING 290ML,DRINKS,,N,,,,,,,16.75,4.80393E+12,,,Y,Y,20,11,,,https://p16-oec-sg.ibyteimg.com/tos-alisg-i-aphluv4xwc-sg/6cd0212398dd48e699d2abf54a4eafbd~tplv-aphluv4xwc-resize-jpeg:800:800.jpeg?dr=15584&t=555f072d&ps=933b5bde&shp=6ce186a1&shcp=e1be8f53&idc=maliva&from=1826719393
sting-290ml-1,10253,STING 290ML,DRINKS,,N,,,,,,,16.75,4.80393E+11,,,Y,Y,23,12,,,https://p16-oec-sg.ibyteimg.com/tos-alisg-i-aphluv4xwc-sg/6cd0212398dd48e699d2abf54a4eafbd~tplv-aphluv4xwc-resize-jpeg:800:800.jpeg?dr=15584&t=555f072d&ps=933b5bde&shp=6ce186a1&shcp=e1be8f53&idc=maliva&from=1826719393
sting-strwbrry-320ml,10192,STING STRWBRRY 320ML,DRINKS,,N,,,,,,,0,4.80393E+12,,,N,Y,25,,,,https://img.lazcdn.com/g/p/4a97d41703bd8b25bd3e36d6af29c4dc.jpg_720x720q80.jpg
sukamod,10063,SUKAMOD,FOOD,,N,,,,,,,0,,,,Y,Y,40,6,,,https://lookaside.fbsbx.com/lookaside/crawler/media/?media_id=462135720028762
sulit-bar-speckled-blue,10100,SULIT BAR SPECKLED BLUE,Cleaning/Laundry Supplies,,N,,,,,,,0,4.80602E+12,,,Y,Y,24,2,,,https://images.deliveryhero.io/image/darsktores-ph/nonfood/4806020492032.jpg?height=480
summit-(1000ml),10257,SUMMIT (1000ML),DRINKS,,N,,,,,,,0,4.80001E+12,,,Y,Y,25,13,5,,https://medsgo.ph/images/thumbnails/430/430/detailed/31/summit-natural-water-1000ml_1[1].jpg.png
sunsilk-smth&mngbl-15ml,10271,SUNSILK SMTH&MNGBL 15ML,BATH ESSENTIALS,,N,,,,,,,6,4.80089E+12,,,Y,Y,9,24,,,https://store.iloilosupermart.com/wp-content/uploads/2020/05/269-300x300.png
supercrnch-beef,10162,SUPERCRNCH BEEF,SNACKS,,N,,,,,,,0,4.80037E+12,,,Y,Y,12,10,,,https://i.pinimg.com/736x/bf/51/f5/bf51f5e273b9ab1f4c6e81186d6a9b4f.jpg
supercrnch-cheese,10186,SUPERCRNCH CHEESE,SNACKS,,N,,,,,,,0,4.80037E+12,,,Y,Y,12,5,,,https://deaskitchenandpinoydelicacies.com.au/cdn/shop/products/image_a3c28bd2-25dc-4cfb-8c4a-feb2c25c92bf_1024x1024@2x.heic?v=1658356954
supercrnch-spcl,10163,SUPERCRNCH SPCL,SNACKS,,N,,,,,,,0,4.80037E+12,,,Y,Y,12,4,,,https://blogger.googleusercontent.com/img/b/R29vZ2xl/AVvXsEi8X_1IYyozTCWQBTDhSq904YqYcUPQ9rYlX5BFXlzcIt4taxRNltSqPEEcbes_tQ_Vj3BtpRTQptBJibgR3tVkH9JH4FxgNZ8wJQSIjZz7pJkNWpI539xtR9RPC-RYL1vyMALpQFS5PckGW1wqqBvUWQRh5onlZPHMsYAhF53kvdwF1pmaP67GACJYzg/s2664/20221231_124134.jpg
surf-bar-blue,10102,SURF BAR BLUE,Cleaning/Laundry Supplies,,N,,,,,,,0,4.80089E+12,,,Y,Y,25,1,,,https://cdn.store-assets.com/s/377840/i/85595814.jpeg
surf-bar-tawas,10103,SURF BAR TAWAS,Cleaning/Laundry Supplies,,N,,,,,,,0,4.80089E+12,,,Y,Y,26,2,,,https://ph-test-11.slatic.net/p/dec355e22cf5c1161c5450f6d78dfe85.jpg
surf-powder-kalamansi,10105,SURF POWDER KALAMANSI,Cleaning/Laundry Supplies,,N,,,,,,,0,4.80089E+12,,,Y,Y,10,6,,,https://cf.shopee.ph/file/3d17e7ba3a49c7854761191e36636192
surf-ultra-power-liquid-(-rose-fresh),10245,SURF ULTRA POWER LIQUID ( ROSE FRESH),HOME ESSENTIALS,,N,,,,,,,7.5,4.80089E+12,,,Y,Y,10,12,5,,https://ph-test-11.slatic.net/p/1e1d2cf27c46360b3a72a0cb680f5ad1.jpg
surf(cherry-blossom),10244,SURF(CHERRY BLOSSOM),HOME ESSENTIALS,,N,,,,,,,6.7,4.80089E+12,,,Y,Y,10,6,5,,https://ph-test-11.slatic.net/p/a992e85c11e30867d6c478eb183461c1.jpg
sweetchili-chps-bbq,10157,SWEETCHILI CHPS BBQ,SNACKS,,N,,,,,,,0,4.80037E+12,,,Y,Y,12,17,,,http://shopsuki.ph/cdn/shop/products/sweet-chill-snacks-sweet-chili-bbq-corn-chips-7g-x-12-s-15507600441476_1024x.jpg?v=1605229583
swtchli-crnchps-bbq-7g,10177,SWTCHLI CRNCHPS BBQ 7G,SNACKS,,N,,,,,,,0,4.80037E+12,,,Y,Y,12,23,,,http://shopsuki.ph/cdn/shop/products/4800365101031_1024x.jpg?v=1660879338
tagay-chiligarlic-7g,10178,TAGAY CHILIGARLIC 7G,SNACKS,,N,,,,,,,0,4.80037E+12,,,Y,Y,2,24,,,http://shopsuki.ph/cdn/shop/files/106941001_1024x.png?v=1715149004
tanduay-rhum-65p-375,10120,TANDUAY RHUM 65P 375,DRINKS,,N,,,,,,,0,4.80022E+12,,,Y,Y,65,14,,,https://media.pickaroo.com/media/thumb/variant_photos/2024/5/15/S9RRZrSzGKFZ6yzwmdAsYU_watermark_400.jpg
tanduay-rhum-65p-750,10122,TANDUAY RHUM 65P 750,DRINKS,,N,,,,,,,0,4.80022E+12,,,Y,Y,150,1,,,https://ultimaterumguide.com/wp-content/uploads/Tanduay-65-300x300.jpg
tattoos-crnchps-cheese,10161,TATTOOS CRNCHPS CHEESE,SNACKS,,N,,,,,,,0,4.80652E+12,,,Y,Y,15,19,,,https://lzd-img-global.slatic.net/g/ff/kf/S1da70da1998e422bbea2e12f7314a9c8S.jpg_720x720q80.jpg
tattoos-crnchps-swtcrn,10160,TATTOOS CRNCHPS SWTCRN,SNACKS,,N,,,,,,,0,4.80652E+12,,,Y,Y,15,7,,,https://img.lazcdn.com/g/shop/aa056219872d07d1e989f6ab4cedadfd.png_2200x2200q80.png_.webp
tawas-barelab-50g,10267,TAWAS BARELAB 50G,BATH ESSENTIALS,,N,,,,,,,10,74575138,,,Y,Y,15,12,,,http://www.mayofilipinostore.com/cdn/shop/files/NETWT.907g-2025-10-06T005256.018.png?v=1759683322
tide-bar-w/-downy,10099,TIDE BAR W/ DOWNY,Cleaning/Laundry Supplies,,N,,,,,,,0,4.90243E+12,,,Y,Y,17,32,,,https://boholonlinestore.com/wp-content/uploads/2021/04/043c85547142af8704c013d279bb7b5d.jpg
tide-powder-w/-downy,10106,TIDE POWDER W/ DOWNY,Cleaning/Laundry Supplies,,N,,,,,,,0,4.90243E+12,,,Y,Y,16,6,,,https://img.lazcdn.com/g/p/03372a9a1d4c68bf8760984c4d0625e3.jpg_720x720q80.jpg
toothpick,10046,TOOTHPICK,HOME ESSENTIALS,,N,,,,,,,0,6.93396E+12,,,N,Y,15,,,,https://supplies.com.ph/wp-content/uploads/2023/06/TP2.jpg
ufc-coco-cream-400ml,10035,UFC COCO CREAM 400ML,FOOD,,N,,,,,,,0,4.80167E+12,,,Y,Y,74,4,,,https://img.lazcdn.com/g/p/d3ba9d5296676e8cbda91f7d41c160d7.jpg_720x720q80.jpg
unilove-baby-wipes,10250,UNILOVE BABY WIPES,BABY ESSENTIALS,,N,,,,,,,46.33,4.80653E+12,,,Y,Y,79.5,18,,,https://img.lazcdn.com/g/p/a2dcee39d818a5f89d1a6b9853df37d5.jpg_720x720q80.jpg_.webp
unilove-baby-wipes-1,10251,UNILOVE BABY WIPES,BABY ESSENTIALS,,N,,,,,,,46.33,4.80653E+12,,,Y,Y,79.5,18,,,https://img.lazcdn.com/g/p/a2dcee39d818a5f89d1a6b9853df37d5.jpg_720x720q80.jpg_.webp
unilove-squalane-wipes,10249,UNILOVE SQUALANE WIPES,HOME ESSENTIALS,,N,,,,,,,24.5,4.80653E+12,,,Y,Y,40,11,,,https://ph-test-11.slatic.net/p/ccfcae5cfe49acfa78312ddb8930c20e.png
vino-kulafu-350,10119,VINO KULAFU 350,DRINKS,,N,,,,,,,0,4.80013E+12,,,Y,Y,50,17,,,https://shopsuki.ph/cdn/shop/files/102060224_2_1600x.png?v=1687143205
vitamilk(doublechoco)-300ml,10240,VITAMILK(DOUBLECHOCO) 300ML,DRINKS,,N,,,,,,,29.5,8.85103E+12,,,Y,Y,35,1,3,,https://www.mayofilipinostore.com/cdn/shop/files/NETWT.907g-2025-10-11T130500.250.png?v=1760159113&width=990
whisper--floral,10077,WHISPER  FLORAL,FEMININE CARE,<p>PINK</p>,N,,,,,,,0,4.90243E+12,,,Y,Y,50,5,,,https://medsgo.ph/images/thumbnails/854/854/detailed/30/4902430293426[1].jpg
whisper-night-8pcs,10079,WHISPER NIGHT 8PCS,FEMININE CARE,,N,,,,,,,0,4.90243E+12,,,Y,Y,75,2,,,https://lookaside.fbsbx.com/lookaside/crawler/media/?media_id=24657904563806489
white-sugar-1/4,10058,WHITE SUGAR 1/4,FOOD,,N,,,,,,,0,,,,Y,Y,24,19,,,https://img.lazcdn.com/g/ff/kf/S8a93826397a946ee911b1adddaad2646y.jpg_720x720q80.jpg
white-sugar-1kg,10059,WHITE SUGAR 1KG,FOOD,,N,,,,,,,0,,,,Y,Y,90,1,,,https://img.lazcdn.com/g/p/d957c13d405f4a6bf2750a7da93f62e2.png_720x720q80.png
wilkins-pure-1l,10108,WILKINS PURE 1L,DRINKS,,N,,,,,,,0,4.80198E+12,,,Y,Y,30,0,,,http://primmt.com/cdn/shop/files/WilkinsPure1L.jpg?v=1757416491
wilkins-pure-500,10001,WILKINS PURE 500,DRINKS,,N,,,,,,,0,4.80198E+12,,,Y,Y,15,7,,,https://lzd-img-global.slatic.net/g/p/33727fd8b47cb07643ac6b6cee3cbe82.jpg_720x720q80.jpg
wings-powder-57g,10104,WINGS POWDER BLUE 57G,Cleaning/Laundry Supplies,,N,,,,,,,0,8.99887E+12,,,Y,Y,8,50,,,https://img.lazcdn.com/g/ff/kf/Sabc2a32b26db41f68e20d8a4e5442da9s.jpg_720x720q80.jpg
yakult,10193,YAKULT,DRINKS,,N,,,,,,,0,54028367911,,,Y,Y,15,6,,,https://www.yakult.com.ph/sites/default/files/NEW BOTTLE small_9.png
youmei-ballpen,10301,YOUMEI BALLPEN,SCHOOL SUPPLIES,,N,,,,,,,7,6.93281E+12,,,Y,Y,10,12,,,
zonrox-lemon-250,10009,ZONROX LEMON 250,Cleaning/Laundry Supplies,<p>250ML</p>,N,,,,,,,0,4.80005E+12,,,Y,Y,27,24,,,http://www.magicstarsupermarket.com/cdn/shop/products/Zonrox-Bleach-Lemon-250mL-500x500-product_popup_1200x1200.jpg?v=1592020016
zonrox-orig-100,10008,ZONROX ORIG 100,Cleaning/Laundry Supplies,<p>100ML</p>,N,,,,,,,0,4.80005E+12,,,Y,Y,12,36,5,,https://lzd-img-global.slatic.net/g/p/1e0c8b0a062a3dbc4f9395c457ff749b.jpg_720x720q80.jpg
zonrox-orig-1l,10010,ZONROX ORIG 1L,Cleaning/Laundry Supplies,<p>1L</p>,N,,,,,,,0,4.80005E+12,,,Y,Y,62,21,,,https://img.lazcdn.com/g/p/665319e5a4c6ac0554a583aa19f79ba1.jpg_720x720q80.jpg
zonrox-orig-250,10015,ZONROX ORIG 250,Cleaning/Laundry Supplies,<p>250ML</p>,N,,,,,,,0,4.80005E+12,,,Y,Y,26,21,0,,https://bxtra.ph/images/thumbs/000/0008245_zonrox-original-250ml_460.jpeg
zonrox-orig-500,10014,ZONROX ORIG 500,Cleaning/Laundry Supplies,<p>500ML</p>,N,,,,,,,0,4.80005E+12,,,Y,Y,35.5,9,,,https://img.lazcdn.com/g/p/5ddd62ab20cd2439b49f388e89478ed3.jpg_720x720q80.jpg
zonroxcsafe225,10011,ZONROXCSAFE225,Cleaning/Laundry Supplies,<p>225ML</p>,N,,,,,,,0,4.80005E+12,,,Y,Y,38.5,15,,,https://img.lazcdn.com/g/p/5ddd62ab20cd2439b49f388e89478ed3.jpg_720x720q80.jpg
zonroxcsafe95,10012,ZONROXCSAFE95,Cleaning/Laundry Supplies,<p>95ML</p>,N,,,,,,,0,4.80005E+12,,,Y,Y,15,21,5,,https://imartgrocersph.com/wp-content/uploads/2020/09/Zonrox-Color-Safe-95mL-768x768.jpg
zonroxlemon500,10013,ZONROXLEMON500,Cleaning/Laundry Supplies,<p>500ML</p>,N,,,,,,,0,4.80005E+12,,,Y,Y,35.5,15,,,https://lzd-img-global.slatic.net/g/p/002f8cee94157d5ea9199dbbbded7686.jpg_720x720q80.jpg_.webp
