SKU,Name,Category,Price,In stock,Reason,Similar older product (verify before using)
9800170,#StyroCups w/ stirrer,,5.00,94.000,new item - no image found in earlier exports,
9800027,BAGUIO PURE COCONUT 175ML,HOME ESSENTIALS,55.00,5.000,new item - no image found in earlier exports,
98000128,BAGUIO PURE COCONUT 60ML,HOME ESSENTIALS,29.90,6.000,new item - no image found in earlier exports,
98000129,BAMBI PREMIUM VEGETABLE OIL 100ML,HOME ESSENTIALS,42.85,6.000,new item - no image found in earlier exports,
98000054,C2 GREEN TEA APPLE 1L,,57.75,3.000,new item - no image found in earlier exports,
98000051,C2 GREEN TEA APPLE 335ML,DRINKS,28.75,14.000,new item - no image found in earlier exports,
980000055,C2 GREEN TEA LEMON 1L,DRINKS,57.75,9.000,new item - no image found in earlier exports,
98000052,C2 GREEN TEA LEMON 335ML,DRINKS,28.75,14.000,new item - no image found in earlier exports,
98000053,C2 SOLO LEMON 230ML,DRINKS,17.00,17.000,new item - no image found in earlier exports,
98000113,CAMEL PREMIUM TABACCOS KAHA,,165.00,1.000,new item - no image found in earlier exports,
98000114,CAMEL PREMIUM TABACCOS STICK,,10.00,16.000,new item - no image found in earlier exports,
10324,CHEEZ IT 60G,SNACKS,23.75,3.000,"SKU 10324 now belongs to ""NISSIN BUTTER COCONUT"" -> treated as new item, no link",CHEEZ IT (10138)
98000065,CHIPPY CHILI & CHEESE 108G,SNACKS,28.75,10.000,new item - no image found in earlier exports,CHIPPY CHILI CHEESE 25G (10144)
10427,CLOSEUP COOL MIINT,HOME ESSENTIALS,12.00,12.000,new item - no image found in earlier exports,
10430,CLOSEUP MENTHOL FRESH,HOME ESSENTIALS,12.00,12.000,new item - no image found in earlier exports,
10428,CLOSEUP RED HOT,HOME ESSENTIALS,12.00,12.000,new item - no image found in earlier exports,
10020,CLOUD 9 PACK,SNACKS,variable,,new item - no image found in earlier exports,CLOUD 9 CLSSC (10231)
1200,CLOUD 9 PACK,SNACKS,108.00,,new item - no image found in earlier exports,CLOUD 9 CLSSC (10231)
98000039,CLVB 1.5 LTR,DRINKS,255.00,2.000,new item - no image found in earlier exports,
980000560,COBRA  ASTIG 290ML,DRINKS,21.50,8.000,new item - no image found in earlier exports,
98000093,COBRA  ASTIG CITRUS BLAST 290ML,,21.50,19.000,new item - no image found in earlier exports,
10351,COBRA ENERGY DRINK ASTIG 290ML,DRINKS,21.50,,"SKU 10351 now belongs to ""ADVANCE 15W-40 800ML"" -> treated as new item, no link",COBRA ENERGY DRINK 330ML (10241)
98000055,COBRA ENERGY DRINK ASTIG 290ML,DRINKS,21.50,,new item - no image found in earlier exports,COBRA ENERGY DRINK 330ML (10241)
98000070,COBRA ENERGY DRINK ASTIG CITRUS BLAST 290ML,,21.50,24.000,new item - no image found in earlier exports,COBRA ENERGY DRINK 330ML (10241)
98000088,COBRA ENERGY DRINK ASTIG CITRUS BLAST 290ML,,21.50,23.000,new item - no image found in earlier exports,COBRA ENERGY DRINK 330ML (10241)
98000097,COBRA RISE ENERGY PO  290ML,DRINKS,21.50,,new item - no image found in earlier exports,
98000102,COBRA RISE ENERGY PO  290ML,DRINKS,21.50,12.000,new item - no image found in earlier exports,
10429,COLGATE FRESH CONFIDENCE,HOME ESSENTIALS,12.00,12.000,new item - no image found in earlier exports,
98000044,CREAMLINE BERRY VANILLA MALLOWS 1.3ML,ICE CREAM 🍦,229.75,1.000,new item - no image found in earlier exports,CREAMLINE CONE BERRY CHOCO 110ML (10337)
98000042,CREAMLINE COOKIES & CREAM 1.3ML,ICE CREAM 🍦,229.75,2.000,new item - no image found in earlier exports,CREAMLINE BAR COOKIES & CREAM (10346); CREAMLINE CONE COOKIES & CREAM 110ML (10336)
98000040,CREAMLINE DOUBLE DUTCH 1.3ML,ICE CREAM 🍦,229.75,1.000,new item - no image found in earlier exports,CREAMLINE JUMBO CONE DOUBLE DUTCH 140ML (10339)
98000045,CREAMLINE PEACH MANGO TWIST 1.3ML,,variable,,new item - no image found in earlier exports,
98000049,CREAMLINE PEACH MANGO TWIST 1.3ML,,229.75,,new item - no image found in earlier exports,
98000041,CREAMLINE ROCKY ROAD 1.3ML,ICE CREAM 🍦,229.75,2.000,new item - no image found in earlier exports,CREAMLINE BAR ROCKY ROAD (10348); CREAMLINE CONE ROCKY ROAD 110ML (10334)
98000043,CREAMLINE UBE QUESO PASTILLAS 1.3ML,ICE CREAM 🍦,229.75,1.000,new item - no image found in earlier exports,CREAMLINE BAR UBE QUESO PASTILLAS (10347); CREAMLINE JUMBO CONE UBE QUESO 140ML (10342)
10158,CRISPY PATATA 85G,SNACKS,33.50,4.000,new item - no image found in earlier exports,CRISPY PATATA (10146)
9800019,CRYSTAL GULAMAN POWDER 24G,FOOD,19.50,,new item - no image found in earlier exports,
10432,DAILY SCENT 50ML,,56.00,6.000,new item - no image found in earlier exports,Daily scent lazy afternoon (10255)
10433,DAILY SCENT 75ML,,85.00,1.000,new item - no image found in earlier exports,Daily scent lazy afternoon (10255)
10168,DATU PUTI SOY SAUCE 385ML,FOOD,28.95,5.000,"SKU 10168 now belongs to ""LUCKYME PANCITCANTON CHILIMANSI"" -> treated as new item, no link",
98000136,DELIGHT PROBIOTIC 100ML,DRINKS,16.00,8.000,new item - no image found in earlier exports,
98000135,DELIGHT PROBIOTIC 400ML,DRINKS,60.00,1.000,new item - no image found in earlier exports,
98000132,DINGDONG HOT& SPICY 100G,SNACKS,35.00,7.000,new item - no image found in earlier exports,
98000133,DINGDONG MIX NUTS REAL GARLIC 100G,SNACKS,31.00,11.000,new item - no image found in earlier exports,DINGDONG SNACK MIX 100G (10393Q); DINGDONG SNACK MIX SWEET&SPICY 100G (10392)
98000072,FISH CRACKERS 24G,SNACKS,10.00,12.000,new item - no image found in earlier exports,
98000068,FUN SIZE! PIATTOS CHEESE 18G,SNACKS,10.50,23.000,new item - no image found in earlier exports,
98000067,FUN SIZE! PIATTOS CHEESE 18G PACK,SNACKS,75.00,4.000,new item - no image found in earlier exports,
98000062,GANADOR OLIVER 5KG,RICE,310.00,9.000,new item - no image found in earlier exports,
98000092,GOLDEN ME BIHON,FOOD,25.00,10.000,new item - no image found in earlier exports,
10405,GREAT TASTE PREMIUM CLASSIC PACK,FOOD,127.00,1.000,new item - no image found in earlier exports,GREAT TASTE PREMIUM ROAST (10204); GREAT TASTE CHOCO (10221)
98000050,GREAT TASTE WHITE TWIN PACK,DRINKS,14.00,33.000,new item - no image found in earlier exports,GREAT TASTE WHITE S. (10205); GREAT TASTE CHOCO (10221)
10409,HAPPY CHICKEN ADOBO 5G,SNACKS,2.00,90.000,new item - no image found in earlier exports,
10410,HAPPY NUTS SWEET CHILI 5G,SNACKS,2.00,80.000,new item - no image found in earlier exports,
98000098,IDEAL GOURMET LASAGNA,FOOD,150.00,5.000,new item - no image found in earlier exports,
98000099,IDEAL GOURMET SPAGHETTI,FOOD,145.00,5.000,new item - no image found in earlier exports,
98000066,IVORY GRAINS CLASSIC 5KG,RICE,300.00,9.000,new item - no image found in earlier exports,
10425,KAMI BATHROOM TISSUE,HOME ESSENTIALS,15.00,4.000,new item - no image found in earlier exports,
98000081,KINGS LONGKOU VERMICELLI 180Z,FOOD,variable,24.000,new item - no image found in earlier exports,
98000082,KINGS LONGKOU VERMICELLI 180Z,FOOD,25.00,24.000,new item - no image found in earlier exports,
98000083,KINGS LONGKOU VERMICELLI 200G,FOOD,variable,12.000,new item - no image found in earlier exports,
98000084,KINGS LONGKOU VERMICELLI 200G,FOOD,45.00,11.000,new item - no image found in earlier exports,
98000085,KINGS LONGKOU VERMICELLI 250G,FOOD,variable,10.000,new item - no image found in earlier exports,
98000086,KINGS LONGKOU VERMICELLI 250G,FOOD,80.00,10.000,new item - no image found in earlier exports,
98000080,KINGS LONGKOU VERMICELLI 40G,FOOD,15.00,24.000,new item - no image found in earlier exports,
98000087,LORENS 1908 PATIS FLAVOR,FOOD,variable,6.000,new item - no image found in earlier exports,
98000089,LORINS 1908 PATIS FLAVOR,FOOD,70.00,6.000,new item - no image found in earlier exports,
98000090,LORINS SINCE 1973 SOY SOUCE,FOOD,variable,6.000,new item - no image found in earlier exports,
98000091,LORINS SINCE 1973 SOY SOUCE,FOOD,60.00,6.000,new item - no image found in earlier exports,
10399,LUCKYME GO CUP BATCHOY,FOOD,30.75,6.000,new item - no image found in earlier exports,
10398,LUCKYME GO CUP BULALO,SNACKS,30.75,6.000,new item - no image found in earlier exports,
10001,MAGIC FLAKES PACK,SNACKS,88.00,,"SKU 10001 now belongs to ""WILKINS PURE 500"" -> treated as new item, no link",MAGIC FLAKES (10225); MAGIC FLAKES CHEESE (10210)
123,MAGIC FLAKES PACK,SNACKS,88.00,,new item - no image found in earlier exports,MAGIC FLAKES (10225); MAGIC FLAKES CHEESE (10210)
10209,MAMA SITA OYSTER SAUCE 30G,FOOD,9.00,12.000,"SKU 10209 now belongs to ""PRESTO CHOCO VANILLA"" -> treated as new item, no link",
10401,MARTY'S CRACKLINGS CHICK INSL 90G,SNACKS,28.50,6.000,new item - no image found in earlier exports,
10403,MARTY'S CRACKLINGS PLN SLTD 90G,SNACKS,28.50,6.000,new item - no image found in earlier exports,
10402,MARTY'S CRACKLINGS SPCY VNGR 90G,SNACKS,28.50,6.000,new item - no image found in earlier exports,
10431,MAXX CANDY,,5.00,,new item - no image found in earlier exports,
98000110,MIGHTY PULA  STICK,,10.00,-15.000,new item - no image found in earlier exports,
98000107,MIGHTY PULA KAHA,HOME ESSENTIALS,185.00,2.000,new item - no image found in earlier exports,
98000111,MIGHTY PUTI KAHA,,185.00,0.000,new item - no image found in earlier exports,
98000112,MIGHTY PUTI STICK,,10.00,0.000,new item - no image found in earlier exports,
10393,MOBY CARAMEL PUFFS 60G,SNACKS,23.75,1.000,new item - no image found in earlier exports,MOBY CARAMEL (10152)
10426,MODESS REGULAR 12 PADS,FEMININE CARE,75.00,6.000,new item - no image found in earlier exports,
10415,NESTEA APPLE,FOOD,25.50,20.000,new item - no image found in earlier exports,
10414,NESTEA LEMON,FOOD,25.50,24.000,new item - no image found in earlier exports,
10416,NESTEA LEMON CUCUMBER,FOOD,25.50,11.000,new item - no image found in earlier exports,
10243,NIPS WHITE CHOCO 14G,FOOD,8.00,43.000,new item - no image found in earlier exports,NIPS WHITE CHOCO PACK (10258); NIPS WHITE CHOCO PIECE (10259)
98000126,NISSIN BUTTER COCONUT 28G,SNACKS,8.00,21.000,new item - no image found in earlier exports,NISSIN BUTTER COCONUT (10324); NISSIN BUTTER COCONUT PACK (10377)
98000069,NOVA COUNTRY CHEDDAR 20G PACK,SNACKS,65.25,7.000,new item - no image found in earlier exports,NOVA COUNTRY CHEDDAR 20G (10149)
98000056,NOVA COUNTRY CHEDDAR 38G,SNACKS,18.25,3.000,new item - no image found in earlier exports,NOVA COUNTRY CHEDDAR 20G (10149)
98000059,NOVA COUNTRY CHEDDAR 78G,SNACKS,38.50,6.000,new item - no image found in earlier exports,NOVA COUNTRY CHEDDAR 20G (10149)
98000057,NOVA HOMESTYLE BBQ 38G,SNACKS,18.25,9.000,new item - no image found in earlier exports,
98000060,NOVA HOMESTYLE BBQ 78G,SNACKS,38.50,12.000,new item - no image found in earlier exports,
98000137,NUTRI STAR CHICKEN BBQ,SNACKS,10.00,10.000,new item - no image found in earlier exports,
98000138,NUTRI STAR CHICKEN BBQ,SNACKS,10.00,10.000,new item - no image found in earlier exports,
10108,NUTRIBOOST CHOCO PACK,DRINKS,84.00,,"SKU 10108 now belongs to ""WILKINS PURE 1L"" -> treated as new item, no link",NUTRIBOOST CHOCO 110 (10112)
1080,NUTRIBOOST CHOCO PACK,DRINKS,84.00,,new item - no image found in earlier exports,NUTRIBOOST CHOCO 110 (10112)
3569,NUTRIBOOST CHOCO PACK,DRINKS,84.00,,new item - no image found in earlier exports,NUTRIBOOST CHOCO 110 (10112)
121,NUTRIBOOST STRWBRRY PACK,DRINKS,84.00,,new item - no image found in earlier exports,NUTRIBOOST STRWBRRY 110 (10113)
10115,NUTRIBOOST STRWBRRY PACK,DRINKS,84.00,,"SKU 10115 now belongs to ""COCA COLA 1.75L"" -> treated as new item, no link",NUTRIBOOST STRWBRRY 110 (10113)
10106,NUTRIBOOST STRWBRRY PACK 6S,DRINKS,84.00,,"SKU 10106 now belongs to ""TIDE POWDER JUMBO PACK DOWNY"" -> treated as new item, no link",NUTRIBOOST STRWBRRY 110 (10113)
10404,OISHI FISH CRACKERS 90G,SNACKS,33.50,3.000,new item - no image found in earlier exports,
10400,OISHI PRAWN CRACKERS 60G,SNACKS,22.75,6.000,new item - no image found in earlier exports,OISHI PRAWN CRACKERS  NATURAL  24G (10136); OISHI PRAWN CRACKERS SPICY 24G (10142)
10395,PEEWEE SIZZLING BBQ 60G,SNACKS,23.75,6.000,new item - no image found in earlier exports,PEEWEE SIZZLING BBQ (10386@); PEEWEE SIZZLING BBQ 25G (10388)
98000064,PIATTOS ROADHOUSE BBQ 40G,SNACKS,18.50,10.000,new item - no image found in earlier exports,PIATTOS ROADHOUSE BBQ 85G (10227)
98000077,POCARI SWEAT 350ML,DRINKS,45.00,23.000,new item - no image found in earlier exports,POCARI SWEAT 500ML (10386)
98000078,POCARI SWEAT 350ML,DRINKS,45.00,17.000,new item - no image found in earlier exports,POCARI SWEAT 500ML (10386)
98000079,POCARI SWEAT 350ML,DRINKS,45.00,24.000,new item - no image found in earlier exports,POCARI SWEAT 500ML (10386)
98000122,PRESTO CHOCO PEANUT BUTTER,SNACKS,10.00,10.000,new item - no image found in earlier exports,PRESTO CHOCO (10207); PRESTO CHOCO VANILLA (10209)
98000095,RAPSA PANCIT BIHON,FOOD,22.00,10.000,new item - no image found in earlier exports,
10411,RED CHILI CORN CHIPS 7G,SNACKS,2.00,36.000,new item - no image found in earlier exports,
10141,RED HORSE SUPER,DRINKS,160.00,,"SKU 10141 now belongs to ""MANG JUAN SUKAT SILI 26G"" -> treated as new item, no link",RED HORSE 500 (10083); RED HORSE LITRO (10084)
98000074,RED HORSE SUPER,DRINKS,155.00,5.000,new item - no image found in earlier exports,RED HORSE 500 (10083); RED HORSE LITRO (10084)
98000075,RED HORSE SUPER,DRINKS,155.00,5.000,new item - no image found in earlier exports,RED HORSE 500 (10083); RED HORSE LITRO (10084)
10386,RICHEE 60G,SNACKS,23.75,4.000,"SKU 10386 now belongs to ""POCARI SWEAT 500ML"" -> treated as new item, no link",
10383,ROYAL 1.75L,DRINKS,84.75,11.000,"SKU 10383 now belongs to ""PEPSI EXTRA FIZZ 195ML"" -> treated as new item, no link",Royal 1.75 (10252)
98000037,SAN MIGUEL LIGHT 330ML,DRINKS,54.50,11.000,new item - no image found in earlier exports,
10422,SANICARE COTTON 10G,HOME ESSENTIALS,8.00,3.000,new item - no image found in earlier exports,
10423,SANICARE COTTON BUDS 108PCS,HOME ESSENTIALS,16.50,1.000,new item - no image found in earlier exports,
10424,SANICARE COTTON BUDS 200PCS,HOME ESSENTIALS,26.00,4.000,new item - no image found in earlier exports,
10240,SHELL BRAKE AND CLUTCH FLUID,SHELL,271.00,8.000,"SKU 10240 now belongs to ""VITAMILK(DOUBLECHOCO) 300ML"" -> treated as new item, no link",
10382,SILVER SWAN SOY SAUCE 385ML,FOOD,31.85,1.000,"SKU 10382 now belongs to ""MAGIC SARAP SACHIT"" -> treated as new item, no link",SILVER SWAN SOY SAUCE 1L (10061); SILVER SWAN SOY SAUCE 200ML (10065)
98000134,SILVER SWAN SUKANG PUTI 385ML,KITCHEN,variable,0.000,new item - no image found in earlier exports,SILVER SWAN SOY SAUCE 1L (10061); SILVER SWAN SOY SAUCE 200ML (10065)
10208,SILVER SWAN SUKANG PUTI 385ML,FOOD,26.65,6.000,"SKU 10208 now belongs to ""PRESTO PEANUT BUTTER"" -> treated as new item, no link",SILVER SWAN SOY SAUCE 1L (10061); SILVER SWAN SOY SAUCE 200ML (10065)
10421,SISTERS OVERNIGHT DRY,FEMININE CARE,42.50,6.000,new item - no image found in earlier exports,
98000120,SMIRNOFF,DRINKS,65.00,5.000,new item - no image found in earlier exports,
98000094,SPECIAL HOBE BIHON,FOOD,25.00,10.000,new item - no image found in earlier exports,
98000100,SPECIAL ODONG,FOOD,variable,25.000,new item - no image found in earlier exports,
98000101,SPECIAL ODONG,FOOD,35.00,25.000,new item - no image found in earlier exports,
10269,SPECIAL ODONG PER PIECE,FOOD,5.00,12.000,new item - no image found in earlier exports,
98000119,SPRITE 1.75L,DRINKS,84.75,12.000,new item - no image found in earlier exports,SPRITE 1.5L (10114)
10413,SUPER BAWANG 5G,SNACKS,2.00,36.000,new item - no image found in earlier exports,
10407,SURF POWDER ANTIBAC 65G,Cleaning/Laundry Supplies,10.00,12.000,new item - no image found in earlier exports,SURF POWDER KALAMANSI (10105)
10406,SURF POWDER PURPLE BLOOMS 65G,Cleaning/Laundry Supplies,10.00,12.000,new item - no image found in earlier exports,SURF POWDER KALAMANSI (10105)
10408,SURF POWDER ROSE FRESH 65G,Cleaning/Laundry Supplies,10.00,12.000,new item - no image found in earlier exports,SURF POWDER KALAMANSI (10105)
980000039,TANDUAY SELECT 700ML,DRINKS,155.00,7.000,new item - no image found in earlier exports,
10417,TANG DALANDAN,FOOD,26.00,12.000,new item - no image found in earlier exports,
10418,TANG LYCHEE,FOOD,27.00,12.000,new item - no image found in earlier exports,
10419,TANG MIXED BERRIES,FOOD,27.00,12.000,new item - no image found in earlier exports,
10420,TANG ORANGE,FOOD,26.00,12.000,new item - no image found in earlier exports,
98000058,TORTILLOS,SNACKS,9.00,10.000,new item - no image found in earlier exports,
98000103,TRAIN CHOCLAIT,SNACKS,variable,3.000,new item - no image found in earlier exports,
98000104,TRAIN CHOCLAIT,SNACKS,variable,3.000,new item - no image found in earlier exports,
98000105,TRAIN CHOCLAIT,SNACKS,185.00,3.000,new item - no image found in earlier exports,
98000061,VCUT CHEESE FLAVOR 25G,SNACKS,20.25,9.000,new item - no image found in earlier exports,
98000063,VCUT CHEESE FLAVOR 60G,SNACKS,41.50,7.000,new item - no image found in earlier exports,
10246,VCUT SPICY BARBEQUE 60G,SNACKS,41.50,10.000,new item - no image found in earlier exports,VCUT SPICY BARBEQUE 25G (10317@)
98000115,WINSTON RED KAHA,,215.00,2.000,new item - no image found in earlier exports,
98000117,WINSTON RED STICK,,12.00,-17.000,new item - no image found in earlier exports,
98000118,WINSTON WHITE KAHA,,220.00,1.000,new item - no image found in earlier exports,
98000116,WINSTON WHITE STICK,,12.00,7.000,new item - no image found in earlier exports,
10412,XSAKTO 8G,SNACKS,2.00,30.000,new item - no image found in earlier exports,
