Handle,SKU,Name,Category,Description,Sold by weight,Option 1 name,Option 1 value,Option 2 name,Option 2 value,Option 3 name,Option 3 value,Cost,Barcode,SKU of included item,Quantity of included item,Track stock,Available for sale [Route 98 - Minimart],Price [Route 98 - Minimart],In stock [Route 98 - Minimart],Low stock [Route 98 - Minimart]
misc,10235,#misc,,,N,,,,,,,0.00,,,,N,Y,variable,,
#styrocups-w/-stirrer-2,9800170,#StyroCups w/ stirrer,,,N,,,,,,,0.00,,,,Y,Y,5.00,71.000,
1-case-softdrinks,10237,1 Case Softdrinks,DRINKS,,N,,,,,,,210.00,,,,N,Y,230.00,,
555-sardines-155g,10261,555 SARDINES 155G,FOOD,,N,,,,,,,23.45,748485200019,,,Y,Y,26.00,9.000,
555-sardines-155g-1,10262,555 SARDINES 155G,FOOD,,N,,,,,,,23.45,748485200019,,,Y,Y,25.98,6.000,
absolute-6000ml,10277,ABSOLUTE 6000ML,DRINKS,,N,,,,,,,72.00,4800014700004,,,Y,Y,85.00,2.000,
advance-10w-40-800ml,10351%,ADVANCE 10W-40 800ML,SHELL,,N,,,,,,,0.00,5011987095304,,,Y,Y,353.00,7.000,
advance-15w-40-800ml,10351.,ADVANCE 15W-40 800ML,SHELL,,N,,,,,,,0.00,5011987090453,,,Y,Y,289.00,6.000,
advance-20w-40-800ml,1035,ADVANCE 20W-40 800ML,SHELL,,N,,,,,,,0.00,5011987060593,,,N,Y,269.00,,
advance-sx2-200ml,12420695,ADVANCE SX2 200ML,SHELL,,N,,,,,,,0.00,,,,Y,Y,59.00,27.000,
advance-sx2-with-decarbonizer-1l,10351@,ADVANCE SX2 WITH DECARBONIZER 1L,SHELL,,N,,,,,,,0.00,5011987061538,,,Y,Y,289.00,14.000,4.000
ajinomoto-ssning,10045,AJINOMOTO SEASONING,FOOD,,N,,,,,,,0.00,4801958341100,,,Y,Y,4.98,444.000,
alaska-condensada,10471,ALASKA CONDENSADA 300ML,FOOD,,N,,,,,,,56.00,4800575130302,,,Y,Y,66.00,3.000,
alaska-evaporada,10473,ALASKA EVAPORADA 360ML,FOOD,,N,,,,,,,36.00,4800575140370,,,Y,Y,46.00,3.000,
alfonso-light-1l,10274,ALFONSO LIGHT 1L,DRINKS,,N,,,,,,,278.46,8410028900091,,,Y,Y,319.98,1.000,
angel-evaporada,10477,ANGEL EVAPORADA 410ML,FOOD,,N,,,,,,,61.00,748485400716,,,Y,Y,71.00,3.000,
angel-kremdensada,10476,ANGEL KREMDENSADA 410ML,FOOD,,N,,,,,,,33.50,748485401225,,,Y,Y,44.00,3.000,
argentina-beef-loaf-170g,10482,ARGENTINA BEEF LOAF 170G,FOOD,,N,,,,,,,25.00,748485800097,,,Y,Y,30.00,6.000,
ariel-lau--pwd-90gx168-srf-ghs,98000002,ARIEL POWDER TWIN JUMBO PACK FLORAL PASSION,Cleaning/Laundry Supplies,,N,,,,,,,15.12,4902430583183,,,Y,Y,19.98,18.000,10.000
ariel-(twin-jumbo-pack)-with-downy,98000001,ARIEL POWDER TWIN JUMBO PACK FRESH GARDEN BLOOM,Cleaning/Laundry Supplies,,N,,,,,,,15.12,4987176067029,,,Y,Y,19.98,30.000,10.000
ariel-power-liquid-floral-passion,98000005,ARIEL POWER LIQUID FLORAL PASSION,Cleaning/Laundry Supplies,,N,,,,,,,14.12,4902430764902,,,Y,Y,18.98,12.000,3.000
ariel-power-liquid-sunrise-fresh,98000004,ARIEL POWER LIQUID SUNRISE FRESH,Cleaning/Laundry Supplies,,N,,,,,,,14.32,4902430764858,,,Y,Y,18.98,11.000,
ariel-tipid-3x-sunrise-fresh,980000032,ARIEL TIPID 3X SUNRISE FRESH,Cleaning/Laundry Supplies,,N,,,,,,,20.32,4987176116833,,,Y,Y,26.98,24.000,5.000
ariel-sunrise-fresh-t,98000003,ARIEL TWIN JUMBO POWDER SUNRISE FRESH 66G,Cleaning/Laundry Supplies,,N,,,,,,,15.12,4902430583169,,,Y,Y,19.98,59.000,20.000
axion,10021,AXION,Cleaning/Laundry Supplies,<p>KALAMANSI / GREEN</p>,N,,,,,,,0.00,9556031097058,,,Y,Y,12.98,34.000,
baguio-pure-coconut-175ml,9800027,BAGUIO PURE COCONUT 175ML,HOME ESSENTIALS,,N,,,,,,,48.00,4804880214122,,,Y,Y,55.00,3.000,
baguio-pure-coconut-60ml,98000128,BAGUIO PURE COCONUT 60ML,HOME ESSENTIALS,,N,,,,,,,23.00,4804880214146,,,Y,Y,29.90,6.000,
bambi-premium-vegetable-oil-100ml,98000129,BAMBI PREMIUM VEGETABLE OIL 100ML,HOME ESSENTIALS,,N,,,,,,,32.95,4806501141572,,,Y,Y,42.85,6.000,
bareta-bar-blue,10093,BARETA BAR BLUE,Cleaning/Laundry Supplies,,N,,,,,,,0.00,4806020491417,,,Y,Y,24.98,14.000,
bareta-bar-kalamansi,10092,BARETA BAR KALAMANSI,Cleaning/Laundry Supplies,,N,,,,,,,0.00,4806020491431,,,Y,Y,24.98,7.000,
bareta-bar-speckled-blue,10095,BARETA BAR SPECKLED BLUE,Cleaning/Laundry Supplies,,N,,,,,,,0.00,4806020491448,,,Y,Y,24.98,14.000,
bareta-bar-w/-fabcon,10101,BARETA BAR W/ FABCON,Cleaning/Laundry Supplies,,N,,,,,,,0.00,4806020491509,,,Y,Y,25.98,9.000,
bbrand-swak,10169,BEAR BRAND SWAK,FOOD,,N,,,,,,,9.00,4800361410816,,,Y,Y,15.00,15.000,
bbrand-swak-choco,10170,BEAR BRAND SWAK CHOCO,FOOD,,N,,,,,,,9.00,4800361409117,,,Y,Y,15.00,5.000,
bestguard-epoxy-steel,10313,BESTGUARD EPOXY STEEL,HOME ESSENTIALS,,N,,,,,,,0.00,6955107678161,,,Y,Y,44.98,14.000,
bingo-corned-beef-150g,10481,BINGO CORNED BEEF 150G,FOOD,,N,,,,,,,22.45,4800249005776,,,Y,Y,28.00,6.000,
blkchili-bbq-7g,10180,BLACK CHILI BBQ 7G,SNACKS,,N,,,,,,,0.00,4800365221036,,,Y,Y,2.00,5.000,
black-chili-cchips-bbq,10187,BLACK CHILI CORN CHIPS BBQ,SNACKS,,N,,,,,,,8.25,4800365221067,,,Y,Y,11.50,4.000,
buenas-kaong-white-227g,10446,BUENAS KAONG WHITE 227G,FOOD,,N,,,,,,,69.50,4806514652164,,,Y,Y,80.00,2.000,
buenas-nata-de-coco-green,10448,BUENAS NATA DE COCO GREEN,FOOD,,N,,,,,,,53.25,4806514652140,,,Y,Y,60.00,2.000,
buenas-nata-de-coco-red,10447,BUENAS NATA DE COCO RED,FOOD,,N,,,,,,,53.25,4806514652157,,,Y,Y,60.00,2.000,
c2-green-tea-lemon-1l,98000054,C2 GREEN TEA APPLE 1L,DRINKS,,N,,,,,,,44.42,4800016052774,,,Y,Y,57.75,0.000,
c2-green-tea-apple-335mlx24,98000051,C2 GREEN TEA APPLE 335ML,DRINKS,,N,,,,,,,22.08,4800016052040,,,Y,Y,28.75,13.000,
c2-green-tea-lemon-1l-1,980000055,C2 GREEN TEA LEMON 1L,DRINKS,,N,,,,,,,44.42,4800016052767,,,Y,Y,57.75,8.000,
c2-green-tea-lemon-335ml,98000052,C2 GREEN TEA LEMON 335ML,DRINKS,,N,,,,,,,22.09,4800016052057,,,Y,Y,28.75,13.000,
c2-230ml,10129,C2 SOLO APPLE 230ML,DRINKS,,N,,,,,,,11.79,4800016068010,,,Y,Y,17.00,22.000,
c2-solo-lemon,98000053,C2 SOLO LEMON 230ML,DRINKS,,N,,,,,,,15.32,4800016068195,,,Y,Y,17.00,12.000,
camel-premium-tabaccos,98000113,CAMEL PREMIUM TABACCOS KAHA,CIGARETTE,,N,,,,,,,145.00,40329055,,,Y,Y,165.00,0.000,
camel-premium-tabaccos-stick,98000114,CAMEL PREMIUM TABACCOS STICK,,,N,,,,,,,7.25,40329055,,,Y,Y,10.00,14.000,
cdo-homestyle-corned-beef-150g,10479,CDO HOMESTYLE CORNED BEEF 150G,FOOD,,N,,,,,,,36.80,4800249044188,,,Y,Y,42.00,6.000,
ntrisnk-cheezit,10138,CHEEZ IT,SNACKS,,N,,,,,,,8.25,4800523220079,,,Y,Y,10.00,16.000,
cheez-it-60g,10324,CHEEZ IT 60G,SNACKS,,N,,,,,,,18.25,4800523220086,,,Y,Y,23.75,3.000,
cb-clfrna-crnch,10198,CHICK BOY ONION & GARLIC 30G,SNACKS,,N,,,,,,,9.22,4806505854522,,,Y,Y,11.98,45.000,
cb-txs-bbq,10197,CHICK BOY TEXAS BBQ 30G,,,N,,,,,,,10.00,4806505854539,,,Y,Y,11.98,43.000,
chippy-bbq-108g,10217,CHIPPY BBQ 108G,SNACKS,,N,,,,,,,21.35,4800016643095,,,Y,Y,28.75,7.000,
chippy-bbq-25g,10143,CHIPPY BBQ 25G,SNACKS,,N,,,,,,,6.30,4800016642029,,,Y,Y,9.75,20.000,
chippy-chili-&-cheese-108g,98000065,CHIPPY CHILI & CHEESE 108G,SNACKS,,N,,,,,,,21.35,4800016641503,,,Y,Y,28.75,8.000,
chippy-chilicheese,10144,CHIPPY CHILI CHEESE 25G,SNACKS,,N,,,,,,,6.30,4800016641008,,,Y,Y,9.75,22.000,
chiz-curls-18g,10266,CHIZ CURLS 18G,SNACKS,,N,,,,,,,7.25,4800016105746,,,Y,Y,9.75,1.000,
chuckie-110ml,10268,CHUCKIE 110ML,DRINKS,,N,,,,,,,13.20,,,,Y,Y,16.00,0.000,
closeup-cool-miint,10427,CLOSEUP COOL MIINT,HOME ESSENTIALS,,N,,,,,,,8.50,8999999556280,,,Y,Y,12.00,12.000,
closeup-menthol-fresh,10430,CLOSEUP MENTHOL FRESH,HOME ESSENTIALS,,N,,,,,,,8.90,4800888147240,,,Y,Y,12.00,12.000,
closeup-red-hot,10428,CLOSEUP RED HOT,HOME ESSENTIALS,,N,,,,,,,8.90,4800888147288,,,Y,Y,12.00,12.000,
cloud-9-clssc,10231,CLOUD 9 CLASSIC,SNACKS,,N,,,,,,,6.35,4800010961447,,,Y,Y,10.00,93.000,
cloud-9-pack,10020,CLOUD 9 PACK,SNACKS,,N,,,,,,,76.20,4800010781076,,,N,Y,variable,,
cloud-9-pack-1,1200,CLOUD 9 PACK,SNACKS,,N,,,,,,,76.20,4800010781076,,,N,Y,108.00,,
clover-cheesier,10317,CLOVER CHEESIER 24G,SNACKS,,N,,,,,,,7.50,4800216120013,,,Y,Y,10.00,4.000,
clvb-1ltr,10273,CLVB 1 LTR,DRINKS,,N,,,,,,,145.00,4800142119648,,,Y,Y,185.00,3.000,
clvb-1.5-ltr,98000039,CLVB 1.5 LTR,DRINKS,,N,,,,,,,211.20,4800142119655,,,Y,Y,255.00,2.000,
cobra-energy-drink-astig-290ml-2,980000560,COBRA  ASTIG 290ML,DRINKS,,N,,,,,,,16.58,,,,Y,Y,21.50,7.000,
cobra-energy-drink-astig-citrus-blast-290ml-2,98000093,COBRA  ASTIG CITRUS BLAST 290ML,,,N,,,,,,,16.58,,,,Y,Y,21.50,18.000,
cobra-energy-drink-330ml,10241,COBRA ASTIG 330ML,DRINKS,,N,,,,,,,20.00,4800611546760,,,Y,Y,25.00,0.000,5.000
cobra-energy-drink-astig-290ml,10351,COBRA ENERGY DRINK ASTIG 290ML,DRINKS,,N,,,,,,,16.58,,,,N,Y,21.50,,
cobra-energy-drink-astig-290ml-1,98000055,COBRA ENERGY DRINK ASTIG 290ML,DRINKS,,N,,,,,,,16.58,,,,N,Y,21.50,,
cobra-energy-drink-astig-citrus-blast-290ml,98000070,COBRA ENERGY DRINK ASTIG CITRUS BLAST 290ML,,,N,,,,,,,16.58,,,,Y,Y,21.50,24.000,
cobra-energy-drink-astig-citrus-blast-290ml-1,98000088,COBRA ENERGY DRINK ASTIG CITRUS BLAST 290ML,,,N,,,,,,,16.58,,,,Y,Y,21.50,23.000,
cobra-rise-energy-po--290ml,98000097,COBRA RISE ENERGY PO  290ML,DRINKS,,N,,,,,,,15.83,4800611112958,,,N,Y,21.50,,
cobra-rise-energy-po--290ml-1,98000102,COBRA RISE ENERGY PO  290ML,DRINKS,,N,,,,,,,15.83,4800611112958,,,Y,Y,21.50,7.000,
coca-cola-1.5ml,10278,COCA COLA 1.5ML,DRINKS,,N,,,,,,,65.75,4801981116072,,,Y,Y,74.75,0.000,
cocacola-1.75l,98000046,COCA COLA 1.75L,DRINKS,,N,,,,,,,61.67,4801981116072,,,Y,Y,84.75,1.000,5.000
cocacola-orig-190,10109,COCA COLA 190ML,DRINKS,,N,,,,,,,11.00,4801981127177,,,Y,Y,15.00,33.000,
cocacola-1l,10116,COCA COLA 1L,DRINKS,,N,,,,,,,0.00,,,,Y,Y,50.00,0.000,
coca-cola-1l-bottle,10486,COCA COLA 1L BOTTLE,DRINKS,,N,,,,,,,33.50,4801981109005,,,Y,Y,55.00,16.000,
cocacola-237ml,10123,COCA COLA 237ML,DRINKS,,N,,,,,,,0.00,,,,Y,Y,18.00,0.000,
cocacola-orig-290,10107,COCA COLA 290ML,DRINKS,,N,,,,,,,16.50,4801981118502,,,Y,Y,20.00,10.000,0.000
colgate,980000035,COLGATE,HOME ESSENTIALS,,N,,,,,,,8.75,8850006325216,,,Y,Y,11.98,23.000,
colgate-fresh-confidence,10429,COLGATE FRESH CONFIDENCE,HOME ESSENTIALS,,N,,,,,,,8.83,8850006325230,,,Y,Y,12.00,11.000,
colgate-mouthwash-plax-60ml,980000038,COLGATE MOUTHWASH PLAX 60ML,BATH ESSENTIALS,,N,,,,,,,29.75,8850006304563,,,Y,Y,38.98,11.000,
colgate-x2-tubes-maximum-cavity-protection-132g,980000036,COLGATE X2 TUBES MAXIMUM CAVITY PROTECTION 132G,BATH ESSENTIALS,,N,,,,,,,153.00,8850006327432,,,Y,Y,184.98,3.000,
colgate-x2-tubes-triple-action-120g,980000037,COLGATE X2 TUBES TRIPLE ACTION 120G,BATH ESSENTIALS,,N,,,,,,,153.00,8850006327470,,,Y,Y,184.98,1.000,
corn-bits-halo-halo-1,10395Q,CORN BITS HALO HALO,SNACKS,,N,,,,,,,1.09,,,,Y,Y,2.00,6.000,
cream-silk-conditioner-ss/pink,10270,CREAM SILK CONDITIONER SS/PINK,BATH ESSENTIALS,,N,,,,,,,6.25,4800888139306,,,Y,Y,10.00,12.000,
creamline--cup-choco-mallow-210ml,10363,CREAMLINE  CUP CHOCO MALLOW 210ML,ICE CREAM 🍦,,N,,,,,,,23.44,4806514103406,,,Y,Y,30.00,8.000,
creamline-bar-buko-salad,10345,CREAMLINE BAR BUKO SALAD,ICE CREAM 🍦,,N,,,,,,,11.60,4806514102003,,,Y,Y,17.00,0.000,
creamline-bar-cookies-&-creaam,10346,CREAMLINE BAR COOKIES & CREAM,ICE CREAM 🍦,,N,,,,,,,11.60,4806514102010,,,Y,Y,17.00,0.000,
creamline-bar-rocky-road,10348,CREAMLINE BAR ROCKY ROAD,ICE CREAM 🍦,,N,,,,,,,11.60,4806514102065,,,Y,Y,17.00,0.000,
creamline-bar-ube-queso-pastillas,10347,CREAMLINE BAR UBE QUESO PASTILLAS,ICE CREAM 🍦,,N,,,,,,,11.60,4806514102041,,,Y,Y,17.00,0.000,
creamline-berry-vanilla-mallows-1.3ml,98000044,CREAMLINE BERRY VANILLA MALLOWS 1.3ML,ICE CREAM 🍦,,N,,,,,,,190.75,4806514104465,,,Y,Y,229.75,1.000,
creamline-1.3-buko-salad,10358,CREAMLINE BUKO SALAD 1.3ML,ICE CREAM 🍦,,N,,,,,,,190.75,4806514104403,,,Y,Y,229.75,2.000,
creamline-cone-berry-choco,10337,CREAMLINE CONE BERRY CHOCO 110ML,ICE CREAM 🍦,,N,,,,,,,18.25,4806514101051,,,Y,Y,23.25,3.000,
creamline-cone-choco-queso-110ml,10338,CREAMLINE CONE CHOCO QUESO 110ML,ICE CREAM 🍦,,N,,,,,,,18.25,4806514101068,,,Y,Y,23.25,1.000,
creamline-cone-cookies-&-cream,10336,CREAMLINE CONE COOKIES & CREAM 110ML,ICE CREAM 🍦,,N,,,,,,,18.25,4806514101037,,,Y,Y,24.00,0.000,
creamline-cone-rocky-road-110ml,10334,CREAMLINE CONE ROCKY ROAD 110ML,ICE CREAM 🍦,,N,,,,,,,18.25,4806514101006,,,Y,Y,24.00,1.000,
creamline-cone-ube-macapuno-110ml,10335,CREAMLINE CONE UBE MACAPUNO 110ML,ICE CREAM 🍦,,N,,,,,,,18.25,4806514101013,,,Y,Y,24.00,4.000,
creamline-cookies-&-cream-1.3ml,98000042,CREAMLINE COOKIES & CREAM 1.3ML,ICE CREAM 🍦,,N,,,,,,,190.75,4806514104410,,,Y,Y,229.75,2.000,
creamline-coolers-chocolate-50ml-1,10381,CREAMLINE COOLERS CHOCOLATE 50ML,ICE CREAM 🍦,,N,,,,,,,9.90,4806514102607,,,Y,Y,14.00,4.000,
creamline-coolers-mango-50ml,10354,CREAMLINE COOLERS MANGO 70ML,ICE CREAM 🍦,,N,,,,,,,9.90,4806514102713,,,Y,Y,14.00,2.000,
creamline-coolers-melon-50ml,10371,CREAMLINE COOLERS MELON 70ML,ICE CREAM 🍦,,N,,,,,,,9.90,4806514102720,,,Y,Y,14.00,9.000,
creamline-coolers-strawberry-50ml,10352,CREAMLINE COOLERS STRAWBERRY 50ML,ICE CREAM 🍦,,N,,,,,,,9.90,4806514102737,,,Y,Y,14.00,7.000,
creamline-cup-choco-mud-pie-120ml,10364,CREAMLINE CUP CHOCO MUD PIE 210ML,ICE CREAM 🍦,,N,,,,,,,23.44,4806514103413,,,Y,Y,30.00,-2.000,
creamline-double-duthch-1.3ml,98000040,CREAMLINE DOUBLE DUTCH 1.3ML,ICE CREAM 🍦,,N,,,,,,,190.75,4806514104427,,,Y,Y,229.75,1.000,
creamline-family-dou-cookies&cream/choco,10357,CREAMLINE FAMILY DOU COOKIES&CREAM/CHOCO 950ML,ICE CREAM 🍦,,N,,,,,,,112.75,4806514104205,,,Y,Y,155.75,0.000,
creamline-family-dou-rocky-road/vanilla,10355,CREAMLINE FAMILY DOU ROCKY ROAD/VANILLA 950ML,ICE CREAM 🍦,,N,,,,,,,112.75,4806514104212,,,Y,Y,155.00,1.000,
creamline-family-duo-cookies&cream/choco,10356,CREAMLINE FAMILY DUO BUCO SALAD/UBE 950ML,ICE CREAM 🍦,,N,,,,,,,112.75,4806514104236,,,Y,Y,155.00,0.000,
creamline-frotees-grapes-50ml,10350,CREAMLINE FROOTEES GRAPES 50ML,ICE CREAM 🍦,,N,,,,,,,8.30,4806514102607,,,Y,Y,13.00,0.000,
creamline-frotees-orange-50ml,10349,CREAMLINE FROOTEES ORANGE 50ML,ICE CREAM 🍦,,N,,,,,,,8.30,4806514102614,,,Y,Y,13.00,0.000,
creamline-jumbo-cone-cookies-&-cream-140ml,10340,CREAMLINE JUMBO CONE COOKIES & CREAM 140ML,ICE CREAM 🍦,,N,,,,,,,24.10,4806514101327,,,Y,Y,30.00,10.000,
creamline-jumbo-cone-double-dutch-140ml,10339,CREAMLINE JUMBO CONE DOUBLE DUTCH 140ML,ICE CREAM 🍦,,N,,,,,,,24.10,4806514101303,,,Y,Y,30.00,7.000,
creamline-jumbo-cone-mango-peanut-140ml,10343,CREAMLINE JUMBO CONE MANGO PEANUT 140ML,ICE CREAM 🍦,,N,,,,,,,24.10,4806514101358,,,Y,Y,30.00,10.000,
creamline-jumbo-cone-rocky-road-140ml,10341,CREAMLINE JUMBO CONE ROCKY ROAD 140ML,ICE CREAM 🍦,,N,,,,,,,24.10,4806514101334,,,Y,Y,30.00,10.000,
creamline-jumbo-cone-ube-queso-140ml,10342,CREAMLINE JUMBO CONE UBE QUESO 140ML,ICE CREAM 🍦,,N,,,,,,,24.10,4806514101341,,,Y,Y,30.00,5.000,
creamline-melon-50ml,10353,CREAMLINE MELON 50ML,ICE CREAM 🍦,,N,,,,,,,9.90,,,,Y,Y,17.00,10.000,
creamline-milky-pop-lolly-milk-choco-60ml,10362,CREAMLINE MILKY POP LOLLY MILK CHOCO 60ML,ICE CREAM 🍦,,N,,,,,,,9.88,4806514102966,,,Y,Y,15.00,14.000,
creamline-mini-cup-choco-marble-75ml,10369,CREAMLINE MINI CUP CHOCO MARBLE 75ML,ICE CREAM 🍦,,N,,,,,,,12.70,4806514103000,,,Y,Y,20.00,6.000,
creamline-mini-cup-75ml,10368,CREAMLINE MINI CUP CHOCOLATE 75ML,ICE CREAM 🍦,,N,,,,,,,12.70,4806514103031,,,Y,Y,20.00,4.000,
creamline-mini-cup-ube-75ml,10370,CREAMLINE MINI CUP UBE 75ML,ICE CREAM 🍦,,N,,,,,,,12.70,4806514103017,,,Y,Y,20.00,6.000,
creamline-peach-mango-twist-1.3ml-1,98000049,CREAMLINE PEACH MANGO TWIST 1.3ML,,,N,,,,,,,190.75,4806514104489,,,N,Y,229.75,,
creamline-pinipig-chocolate-70ml,10344,CREAMLINE PINIPIG CHOCOLATE 70ML,ICE CREAM 🍦,,N,,,,,,,16.15,4806514102300,,,Y,Y,20.00,45.000,
creamline-pinoy-classic-buko-pandan-mango-60ml,10361,CREAMLINE PINOY CLASSIC BUKO PANDAN MANGO 60ML,ICE CREAM 🍦,,N,,,,,,,19.08,,,,Y,Y,20.00,10.000,
creamline-pinoy-classic-monggo-60ml,10359,CREAMLINE PINOY CLASSIC MANGGO 60ML,ICE CREAM 🍦,,N,,,,,,,13.30,,,,Y,Y,20.00,5.000,
creamline-pinoy-classic-ube-monggo-60-ml,10360,CREAMLINE PINOY CLASSIC UBE MANGGO 60 ML,ICE CREAM 🍦,,N,,,,,,,13.30,,,,Y,Y,20.00,9.000,
creamline-rocky-road-1.3ml,98000041,CREAMLINE ROCKY ROAD 1.3ML,ICE CREAM 🍦,,N,,,,,,,190.75,4806514104434,,,Y,Y,229.75,2.000,
creamline-sundae-caramel-120ml,10366,CREAMLINE SUNDAE CARAMEL 120ML,ICE CREAM 🍦,,N,,,,,,,15.85,4806514103215,,,Y,Y,25.00,3.000,
creamline-sundae-chocolate120ml,10365,CREAMLINE SUNDAE CHOCOLATE120ML,ICE CREAM 🍦,,N,,,,,,,15.85,4806514103208,,,Y,Y,25.00,5.000,
creamline-sundaecaramel120ml,10367,CREAMLINE SUNDAE STRAWBERRY 120ML,ICE CREAM 🍦,,N,,,,,,,15.85,4806514103222,,,Y,Y,25.00,3.000,
creamline-ube-queso-pastillas-1.3ml,98000043,CREAMLINE UBE QUESO PASTILLAS 1.3ML,ICE CREAM 🍦,,N,,,,,,,190.75,4806514104458,,,Y,Y,229.75,1.000,
crispy-patata,10146,CRISPY PATATA 24G,SNACKS,,N,,,,,,,7.75,4800194104869,,,Y,Y,9.98,2.000,
crispy-patata-85g,10158,CRISPY PATATA 85G,SNACKS,,N,,,,,,,25.65,4800194177863,,,Y,Y,33.50,3.000,
crystal-gulaman-powder-24g,9800019,CRYSTAL GULAMAN POWDER 24G,FOOD,,N,,,,,,,0.00,,,,N,Y,19.50,,
cutter,10304,CUTTER,HOME ESSENTIALS,,N,,,,,,,15.50,6977591910862,,,Y,Y,20.00,12.000,
daily-scent-lazy-afternoon,10255,DAILY SCENT 25ML,Perfume cologne,,N,,,,,,,0.00,4800417059617,,,Y,Y,25.00,18.000,2.000
daily-scent-50ml,10432,DAILY SCENT 50ML,,,N,,,,,,,0.00,,,,Y,Y,56.00,5.000,
daily-scent-75ml,10433,DAILY SCENT 75ML,,,N,,,,,,,0.00,,,,Y,Y,85.00,1.000,
datu-puti-soy-sauce-385ml,10168,DATU PUTI SOY SAUCE 385ML,FOOD,,N,,,,,,,22.25,4801668500286,,,Y,Y,28.95,5.000,
del-monte-creamy&cheesy-party-pack,10451,DEL MONTE CREAMY&CHEESY PARTY PACK,FOOD,,N,,,,,,,153.25,4800024580863,,,Y,Y,175.00,2.000,
del-monte-creamy&cheesy-spaghetti-sauce,10464,DEL MONTE CREAMY&CHEESY SPAGHETTI SAUCE,FOOD,,N,,,,,,,73.00,4800024578921,,,Y,Y,85.00,3.000,
del-monte-fiesta-cocktail,10467,DEL MONTE FIESTA COCKTAIL 3KG,FOOD,,N,,,,,,,365.00,4800024550958,,,Y,Y,385.00,2.000,
del-monte-filipino-party-pack,10453,DEL MONTE FILIPINO PARTY PACK,FOOD,,N,,,,,,,147.00,4800024575739,,,Y,Y,170.00,2.000,
del-monte-four-seasons-1l,10442,DEL MONTE FOUR SEASONS 1L,DRINKS,,N,,,,,,,106.10,4800024575258,,,Y,Y,125.00,3.000,
del-monte-original-ketchup,10462,DEL MONTE ORIGINAL KETCHUP,FOOD,,N,,,,,,,33.75,4800024577122,,,Y,Y,45.00,3.000,
del-monte-sweet-chili-320g,10463,DEL MONTE SWEET CHILI 320G,FOOD,,N,,,,,,,42.70,4800024582461,,,Y,Y,50.00,3.000,
del-monte-sweet-party-pack,10452,DEL MONTE SWEET PARTY PACK,FOOD,,N,,,,,,,147.00,4800024575722,,,Y,Y,170.00,2.000,
delight-probiotic-100ml,98000136,DELIGHT PROBIOTIC 100ML,DRINKS,,N,,,,,,,11.40,8851717904967,,,Y,Y,16.00,0.000,
delight-probiotic,98000135,DELIGHT PROBIOTIC 400ML,DRINKS,,N,,,,,,,48.00,8851717905407,,,Y,Y,60.00,8.000,
ding-dong-hot&-spicy-100g,98000132,DINGDONG HOT& SPICY 100G,SNACKS,,N,,,,,,,27.00,4800092331909,,,Y,Y,35.00,6.000,
dingdong-hotnspocy,10183,DINGDONG HOTNSPICY 5G,SNACKS,,N,,,,,,,0.00,4800092331152,,,Y,Y,2.00,45.000,
dingdong-mix-nuts-real-garlic100g,98000133,DINGDONG MIX NUTS REAL GARLIC 100G,SNACKS,,N,,,,,,,24.00,4800092332852,,,Y,Y,31.00,8.000,
dingdong-30g,10155,DINGDONG MIXED NUT 30G,SNACKS,,N,,,,,,,6.75,4800092332791,,,Y,Y,10.00,-5.000,
dingdong-mxd-nuts,10153,DINGDONG MIXED NUTS 100G,SNACKS,,N,,,,,,,24.00,4800092330131,,,Y,Y,30.00,-1.000,
dingdong-mixnuts-5g,10185,DINGDONG MIXNUTS 5G,SNACKS,,N,,,,,,,1.10,4800092330100,,,Y,Y,2.00,46.000,
dingdong-snack-mix-30g,10391,DINGDONG SNACK MIX 30G,SNACKS,,N,,,,,,,6.75,4800092333033,,,Y,Y,10.00,9.000,
dingdong-mixed-nuts-100g,10392,DINGDONG SNACK MIX SWEET&SPICY 100G,SNACKS,,N,,,,,,,26.00,4800092332630,,,Y,Y,30.00,0.000,
dingdong-snack-mix-100g-1,98000131,DINGDONG SNACK MIX WITH  CHIPS CURLS 100G,SNACKS,,N,,,,,,,24.00,4800092331732,,,Y,Y,30.00,3.000,
don-frank-choco,10051,DON FRANK CHOCO,FOOD,,N,,,,,,,0.00,710535411683,,,N,Y,19.50,,
don-frank-coffee-jelly,10047,DON FRANK COFFEE JELLY,FOOD,,N,,,,,,,0.00,710535411669,,,N,Y,19.50,,
don-frank-grass-jelly,10052,DON FRANK GRASS JELLY,FOOD,,N,,,,,,,0.00,4809012601184,,,N,Y,19.50,,
don-frank-orange,10048,DON FRANK ORANGE,FOOD,,N,,,,,,,0.00,4809012601177,,,N,Y,19.50,,
don-frank-pandan,10050,DON FRANK PANDAN,FOOD,,N,,,,,,,0.00,4809012601122,,,N,Y,19.50,,
don-frank-red,10053,DON FRANK RED,FOOD,,N,,,,,,,0.00,4809012601023,,,N,Y,19.50,,
don-frank-strwbrry,10049,DON FRANK STRWBRRY,FOOD,,N,,,,,,,0.00,4809012601139,,,N,Y,19.50,,
don-frank-white,10055,DON FRANK WHITE,FOOD,,N,,,,,,,0.00,4809012601146,,,N,Y,19.50,,
don-frank-yellow,10054,DON FRANK YELLOW,FOOD,,N,,,,,,,0.00,4809012601016,,,N,Y,19.50,,
downy-antibac,10024,DOWNY ANTIBAC,Cleaning/Laundry Supplies,<p>GREEN / KONTRA KULOB</p>,N,,,,,,,0.00,4902430873703,,,Y,Y,8.98,9.000,
downy-garden-bloom-26ml,980000025,DOWNY GARDEN BLOOM 26ML,Cleaning/Laundry Supplies,,N,,,,,,,6.23,4902430453295,,,Y,Y,8.98,60.000,
downy-garden-bloom-75ml,980000030,DOWNY GARDEN BLOOM 75ML,Cleaning/Laundry Supplies,,N,,,,,,,16.35,4902430513074,,,Y,Y,21.98,12.000,
downy-kontra--germs-26ml,980000027,DOWNY KONTRA  GERMS 26ML,Cleaning/Laundry Supplies,,N,,,,,,,6.23,4902430344876,,,Y,Y,8.98,36.000,
downy-mystique-26ml,980000028,DOWNY MYSTIQUE 26ML,Cleaning/Laundry Supplies,,N,,,,,,,6.23,4902430729925,,,Y,Y,8.98,36.000,
downy-passion-26ml,980000029,DOWNY PASSION 26ML,Cleaning/Laundry Supplies,,N,,,,,,,6.23,4902430729901,,,Y,Y,8.98,30.000,
downy-sunrise-fresh-26ml,980000026,DOWNY SUNRISE FRESH 26ML,Cleaning/Laundry Supplies,,N,,,,,,,6.23,4902430401845,,,Y,Y,8.98,36.000,
downy-sunrise-fresh-75ml,980000031,DOWNY SUNRISE FRESH 75ML,Cleaning/Laundry Supplies,,N,,,,,,,16.35,4902430513081,,,Y,Y,21.98,12.000,
eagle-brown-sugar-250g,10319,EAGLE BROWN SUGAR 250G,FOOD,,N,,,,,,,20.00,4809011529168,,,Y,Y,24.00,3.000,
eagle-glue-40gm,10314,EAGLE GLUE 40gm,HOME ESSENTIALS,,N,,,,,,,22.50,6928977601256,,,Y,Y,30.00,12.000,
eagle-refine-sugar-250g,10318,EAGLE REFINE SUGAR 250G,FOOD,,N,,,,,,,23.00,4809011529151,,,Y,Y,28.98,5.000,
eden-cheese-160g,10449,EDEN CHEESE 160G,,,N,,,,,,,58.25,4808647020094,,,Y,Y,65.50,3.000,
eden-cheese-45g,10450,EDEN CHEESE 45G,,,N,,,,,,,17.55,7622210892126,,,Y,Y,22.89,7.000,
efficascent25,10005,EFFICASCENT25,ESSENTIAL OILS,<p>25ML</p>,N,,,,,,,0.00,48035156,,,Y,Y,28.50,6.000,5.000
efficascent50,10000,EFFICASCENT50,ESSENTIAL OILS,<p>50ML</p>,N,,,,,,,0.00,4800011133430,,,Y,Y,53.00,9.000,5.000
efficascentx50,10007,EFFICASCENTX50,ESSENTIAL OILS,<p>50ML</p>,N,,,,,,,0.00,4800011132938,,,Y,Y,90.00,9.000,5.000
energen-choco,10172,ENERGEN CHOCO,FOOD,,N,,,,,,,8.45,8996001440049,,,Y,Y,12.00,28.000,
energen-vnla,10171,ENERGEN VNLA,FOOD,,N,,,,,,,8.65,8996001440124,,,Y,Y,12.00,3.000,5.000
escobar-light-1l,10296,ESCOBAR LIGHT 1L,DRINKS,,N,,,,,,,168.30,8410028903252,,,Y,Y,205.00,0.000,
eveready-battery-aa,10303,EVEREADY BATTERY AA,HOME ESSENTIALS,,N,,,,,,,19.50,34800042112177,,,Y,Y,25.00,11.000,
eveready-battery-aaa,10302,EVEREADY BATTERY AAA,HOME ESSENTIALS,,N,,,,,,,23.50,8888021800098,,,Y,Y,25.00,10.000,
fish-crackers,98000072,FISH CRACKERS 24G,SNACKS,,N,,,,,,,7.40,4800194116619,,,Y,Y,10.00,10.000,
fita-spreadz,10327,FITA SPREADZ,FOOD,,N,,,,,,,6.95,,,,Y,Y,9.98,0.000,
fruit-salad-1,10236,FRUIT SALAD,SNACKS,,N,,,,,,,5.75,4806529170264,,,Y,Y,8.00,0.000,
fuego-match,10044,FUEGO MATCH - PIECE,HOME ESSENTIALS,,N,,,,,,,0.00,4800112256151,,,N,Y,3.00,,
fun-size!-piattos-cheese-flavor-potato-crisps,98000068,FUN SIZE! PIATTOS CHEESE 18G,SNACKS,,N,,,,,,,6.66,,,,Y,Y,10.50,16.000,5.000
fun-size!-piattos-cheese-flavor-potato-crisps-pack,98000067,FUN SIZE! PIATTOS CHEESE 18G PACK,SNACKS,,N,,,,,,,53.28,4800016677977,,,Y,Y,75.00,4.000,
fundador-light,10121,FUNDADOR LIGHT,DRINKS,,N,,,,,,,0.00,8410162100296,,,Y,Y,420.00,3.000,
ganador-oliver-5kg,98000062,GANADOR OLIVER 5KG,RICE,,N,,,,,,,277.50,480901141445,,,Y,Y,310.00,9.000,5.000
gatorade-(blue-bolt)-500ml,10238,GATORADE (BLUE BOLT) 500ML,DRINKS,,N,,,,,,,42.00,4803925061141,,,Y,Y,48.00,5.000,5.000
gatorade-blue-bolt-350ml,10190,GATORADE BLUE BOLT 350ML,DRINKS,,N,,,,,,,25.83,4803925350054,,,Y,Y,35.00,14.000,
gatorade-tropical-fruit-500ml,10191,GATORADE TROPICAL FRUIT 500ML,DRINKS,,N,,,,,,,36.58,,,,Y,Y,46.00,2.000,
generic-dw-liq---cal,10091,GENERIC DW LIQ - GRE S,Cleaning/Laundry Supplies,,N,,,,,,,0.00,,,,Y,Y,20.00,103.000,
generic-dw-liq---pnk-m,10133,GENERIC DW LIQ - PNK M,,,N,,,,,,,0.00,,,,Y,Y,30.00,38.000,
generic-dw-liq---pnk-m-1,10134,GENERIC DW LIQ - PNK M,Cleaning/Laundry Supplies,,N,,,,,,,0.00,,,,Y,Y,25.00,38.000,
generic-dw-liq---pnk-s,10132,GENERIC DW LIQ - PNK S,Cleaning/Laundry Supplies,,N,,,,,,,0.00,,,,Y,Y,20.00,55.000,
generic-dw-liq---ylw-m,10131,GENERIC DW LIQ - YLW M,Cleaning/Laundry Supplies,,N,,,,,,,0.00,,,,Y,Y,30.00,38.000,
generic-dw-liq---lem,10027,GENERIC DW LIQ - YLW S,Cleaning/Laundry Supplies,<p>LEMON / YELLOW</p>,N,,,,,,,0.00,,,,Y,Y,20.00,251.000,
gillette-rubie-blade,10316,GILLETTE RUBIE BLADE,HOME ESSENTIALS,,N,,,,,,,0.00,4800037111047,,,Y,Y,15.00,9.000,
golden-me-bihon,98000092,GOLDEN ME BIHON,FOOD,,N,,,,,,,18.85,4806505855697,,,Y,Y,25.00,10.000,
great-taste-choco,10221,GREAT TASTE CHOCO,FOOD,,N,,,,,,,12.50,4800016022258,,,Y,Y,15.00,33.000,
great-taste-premium-classic-pack,10405,GREAT TASTE PREMIUM CLASSIC PACK,FOOD,,N,,,,,,,97.56,4800016012365,,,Y,Y,127.00,1.000,
great-taste-premium-roast,10204,GREAT TASTE PREMIUM ROAST,FOOD,,N,,,,,,,12.35,4800016024917,,,Y,Y,15.00,26.000,
great-taste-stick,10194,GREAT TASTE STICK,DRINKS,,N,,,,,,,2.71,4800016012358,,,Y,Y,5.00,104.000,
great-taste-white-s.,10205,GREAT TASTE WHITE,FOOD,,N,,,,,,,8.20,4800016021039,,,Y,Y,10.00,29.000,
great-taste-white,98000050,GREAT TASTE WHITE TWIN PACK,DRINKS,,N,,,,,,,10.83,4800016022265,,,Y,Y,14.00,32.000,
gsm-blue-mojito,10434,GSM BLUE MOJITO,DRINKS,,N,,,,,,,133.00,4800130728128,,,Y,Y,155.00,2.000,
gsm-gin-frasquito-350ml,10466,GSM GIN FRASQUITO 350ML,DRINKS,,N,,,,,,,86.00,4800130100030,,,Y,Y,98.00,3.000,
gsm-gin-round,10465,GSM GIN ROUND 350ML,DRINKS,,N,,,,,,,81.60,4800130100023,,,Y,Y,95.00,3.000,
happy-bbq,10182,HAPPY BBQ,SNACKS,,N,,,,,,,1.10,4800092330629,,,Y,Y,2.00,-10.000,
happy-chicken-adobo-5g,10409,HAPPY CHICKEN ADOBO 5G,SNACKS,,N,,,,,,,1.10,4800092330971,,,Y,Y,2.00,45.000,
happy-classic,10179,HAPPY CLASSIC,SNACKS,,N,,,,,,,1.10,4800092331657,,,Y,Y,2.00,-10.000,
happy-hotnspcy,10181,HAPPY HOT N SPICY,SNACKS,,N,,,,,,,1.10,4800092330698,,,Y,Y,2.00,5.000,
happy-med-colored-diapers,10082,HAPPY MED COLORED DIAPERS,BABY ESSENTIALS,,N,,,,,,,0.00,4802288852120,,,N,Y,230.00,,
happy-nuts-sweet-chili-5g,10410,HAPPY NUTS SWEET CHILI 5G,SNACKS,,N,,,,,,,1.10,4800092331923,,,Y,Y,2.00,21.000,
happy-xl-colored,10081,HAPPY XL COLORED,BABY ESSENTIALS,,N,,,,,,,0.00,4802288864123,,,N,Y,280.00,,
head&-shoulders(cool-menthol),980000033,HEAD& SHOULDERS(COOL MENTHOL),BATH ESSENTIALS,,N,,,,,,,7.17,4902430333597,,,Y,Y,8.98,59.000,5.000
h&s-ss,980000034,HEAD& SHOULDERS(SMOOTH & SILKY),BATH ESSENTIALS,<p>SMOOTH AND SILKY / PINK</p>,N,,,,,,,7.17,4902430698658,,,Y,Y,8.98,57.000,
helix-hx3-20w-50-1l,1,HELIX HX3 20W-50 1L,SHELL,,N,,,,,,,0.00,5011987095687,,,N,Y,345.00,,
helix-hx3-20w-50-1l-1,103511,HELIX HX3 20W-50 1L,SHELL,,N,,,,,,,0.00,5011987095687,,,N,Y,345.00,,
hiho-garlic,10184,HIHO GARLIC,SNACKS,,N,,,,,,,0.00,4800092331619,,,Y,Y,2.00,44.000,
hobe-chkn-stnghn,10200,HOBE CHKN STNGHN,FOOD,,N,,,,,,,27.49,4800528453601,,,Y,Y,32.50,11.000,
hobe-instant-sotanghon,10199,HOBE INSTANT SOTANGHON,FOOD,,N,,,,,,,27.49,4800528453618,,,Y,Y,32.50,11.000,
holiday-beef-loaf,10260,HOLIDAY BEEF LOAF,FOOD,,N,,,,,,,21.00,4800066121154,,,Y,Y,25.00,1.000,
holiday-beef-loaf-215g,10478,HOLIDAY BEEF LOAF 215G,FOOD,,N,,,,,,,30.10,4800066121215,,,Y,Y,40.00,6.000,
holiday-corned-beef-150g,10483,HOLIDAY CORNED BEEF 150G,FOOD,,N,,,,,,,35.95,4800066122168,,,Y,Y,42.00,6.000,
holiday-luncheon-meat,10071,HOLIDAY LUNCHEON MEAT,FOOD,,N,,,,,,,32.00,4800066129150,,,Y,Y,38.00,6.000,
holiday-p&b-170g,10036,HOLIDAY P&B 170G,FOOD,,N,,,,,,,0.00,4800066120171,,,Y,Y,23.00,28.000,
holiday-spicy-corned-beef,10069,HOLIDAY SPICY CORNED BEEF,FOOD,,N,,,,,,,0.00,4800066122304,,,Y,Y,38.00,2.000,
holiday-vienna-sausage,10070,HOLIDAY VIENNA SAUSAGE,FOOD,,N,,,,,,,0.00,4800066124902,,,Y,Y,45.00,26.000,
ice-cube-1kl,10298,ICE CUBE 1KG,ICE,,N,,,,,,,13.00,,,,Y,Y,25.00,8.000,
ice-cube-2kg,10299,ICE CUBE 2KG,ICE,,N,,,,,,,24.00,15,,,Y,Y,35.00,13.000,
ice-cube-3kg,10300,ICE CUBE 3KG,ICE,,N,,,,,,,33.00,,,,Y,Y,45.00,0.000,
ideal-gourmet-lasagna,98000098,IDEAL GOURMET LASAGNA,FOOD,,N,,,,,,,125.00,4800030467202,,,Y,Y,150.00,5.000,
ideal-gourmet-spaghetti,98000099,IDEAL GOURMET SPAGHETTI,FOOD,,N,,,,,,,120.25,480003011110,,,Y,Y,145.00,5.000,
ivory-grains-classic-5kg,98000066,IVORY GRAINS CLASSIC 5KG,RICE,,N,,,,,,,264.50,4806520647796,,,Y,Y,300.00,8.000,5.000
jersey-chocolate-condensada,10472,JERSEY CHOCOLATE CONDENSADA 390G,FOOD,,N,,,,,,,60.00,4806516762427,,,Y,Y,70.00,3.000,
jersey-condensed-creamer,10474,JERSEY CONDENSED CREAMER,FOOD,,N,,,,,,,45.00,4806516761888,,,Y,Y,55.00,3.000,
jersey-ube-condensed-creamer,10475,JERSEY UBE CONDENSED CREAMER 390G,FOOD,,N,,,,,,,57.00,4806516762632,,,Y,Y,67.00,3.000,
joy--kalamansi-dishwashing-liquid,980000014,JOY  KALAMANSI DISHWASHING LIQUID 18.5ML,Cleaning/Laundry Supplies,,N,,,,,,,6.25,4902430434393,,,Y,Y,8.98,24.000,12.000
joy-dishwashing-liquid-antibac-17ml,980000017,JOY DISHWASHING LIQUID ANTIBAC 17ML,Cleaning/Laundry Supplies,,N,,,,,,,6.25,4902430389549,,,Y,Y,8.98,12.000,
joy-kalamansi-dishwashing-liquid-140ml,98000006,JOY KALAMANSI DISHWASHING LIQUID 140ML,Cleaning/Laundry Supplies,,N,,,,,,,42.52,4987176338167,,,Y,Y,44.98,6.000,
joy-lemon-dishwashing-liquid-40ml,980000015,JOY KALAMANSI DISHWASHING LIQUID 40ML,Cleaning/Laundry Supplies,,N,,,,,,,12.63,4902430389532,,,Y,Y,16.98,10.000,
joy-lemon-dishwashing-liquid-18.5ml,980000013,JOY LEMON DISHWASHING LIQUID 18.5ML,Cleaning/Laundry Supplies,,N,,,,,,,6.25,4902430389570,,,Y,Y,8.98,24.000,12.000
joy-lemon-dishwashing-liquid-40ml-1,980000016,JOY LEMON DISHWASHING LIQUID 40ML,Cleaning/Laundry Supplies,,N,,,,,,,12.63,4902430389563,,,Y,Y,16.98,12.000,
kami-bathroom-tissue,10425,KAMI BATHROOM TISSUE,HOME ESSENTIALS,,N,,,,,,,10.55,6924180200347,,,Y,Y,15.00,3.000,
keratin-plus-(gold)-20g,10242,KERATIN PLUS (GOLD) 20g,HOME ESSENTIALS,,N,,,,,,,6.00,4806515161511,,,Y,Y,9.98,17.000,5.000
kings-longkou-vermicelli-180z,98000081,KINGS LONGKOU VERMICELLI 180Z,FOOD,,N,,,,,,,0.00,6902482001015,,,Y,Y,variable,24.000,
kings-longkou-vermicelli-180z-1,98000082,KINGS LONGKOU VERMICELLI 180Z,FOOD,,N,,,,,,,15.73,6902482001015,,,Y,Y,25.00,24.000,
kings-longkou-vermicelli-200g,98000083,KINGS LONGKOU VERMICELLI 200G,FOOD,,N,,,,,,,0.00,6902482001008,,,Y,Y,variable,12.000,
kings-longkou-vermicelli-200g-1,98000084,KINGS LONGKOU VERMICELLI 200G,FOOD,,N,,,,,,,33.33,6902482001008,,,Y,Y,45.00,11.000,
kings-longkou-vermicelli-250g,98000085,KINGS LONGKOU VERMICELLI 250G,FOOD,,N,,,,,,,0.00,6902482003453,,,Y,Y,variable,10.000,
kings-longkou-vermicelli-250g-1,98000086,KINGS LONGKOU VERMICELLI 250G,FOOD,,N,,,,,,,64.48,6902482003453,,,Y,Y,80.00,10.000,
kings-longkou-vermicelli-40g,98000080,KINGS LONGKOU VERMICELLI 40G,FOOD,,N,,,,,,,8.00,6902482001022,,,Y,Y,15.00,24.000,
kopiko-blk,10174,KOPIKO BLACK 2PK,FOOD,,N,,,,,,,13.40,8998666001702,,,Y,Y,16.98,7.000,
kopiko-blanca,10175,KOPIKO BLANCA 2PK,FOOD,,N,,,,,,,13.40,8998666001726,,,Y,Y,16.98,3.000,
kopiko-brown,10176,KOPIKO BROWN 2PK,FOOD,,N,,,,,,,13.40,8998666001719,,,Y,Y,16.98,9.000,
kropek-ni-mangjuan,10226,KROPEK NI MANGJUAN 90G,SNACKS,,N,,,,,,,23.01,4800016115943,,,Y,Y,29.98,5.000,
kulafu-700ml,10435,KULAFU 700ML,DRINKS,,N,,,,,,,86.90,4800130300584,,,Y,Y,110.00,1.000,
la-mia-tuna-afrtda,10233,LA MIA TUNA AFRTDA,FOOD,,N,,,,,,,33.18,,,,Y,Y,38.00,10.000,
la-mia-tuna-flksnoil,10234,LA MIA TUNA FLKSNOIL,FOOD,,N,,,,,,,33.18,,,,Y,Y,38.00,10.000,
la-mia-tuna-hotspcy,10232,LA MIA TUNA HOTSPCY,FOOD,,N,,,,,,,33.18,,,,Y,Y,38.00,12.000,
lampein---m-12pcs,10028,LAMPEIN - M 12PCS,BABY ESSENTIALS,<p>12 PCS - MEDIUM</p>,N,,,,,,,0.00,4806506319624,,,Y,Y,125.00,12.000,
lampein---m-15pcs,10029,LAMPEIN - M 15+1,BABY ESSENTIALS,<p>MEDIUM 15 PCS</p>,N,,,,,,,0.00,4806506319556,,,Y,Y,155.00,8.000,
lampein---m-4pcs,10030,LAMPEIN - M 4PCS,BABY ESSENTIALS,,N,,,,,,,0.00,4806506319723,,,Y,Y,40.00,4.000,
lampein-nb-s-12pcs,10073,LAMPEIN NB-S 12PCS,BABY ESSENTIALS,,N,,,,,,,0.00,4806506319617,,,Y,Y,110.00,10.000,
lampein-pants---xl-25+2,10031,LAMPEIN PANTS - XL 25+2,BABY ESSENTIALS,<p>LAMPEIN XL ORANGE</p>,N,,,,,,,0.00,4806506317149,,,Y,Y,265.00,0.000,
lampein-xxl-12pcs,10078,LAMPEIN XXL 12PCS,BABY ESSENTIALS,,N,,,,,,,0.00,4806506319372,,,Y,Y,145.00,3.000,
lemon-square-cheese-cake,10330,LEMON SQUARE CHEESE CAKE,FOOD,,N,,,,,,,7.70,4809010626011,,,Y,Y,11.98,0.000,
lemon-square-cheese-cake-pack,10375,LEMON SQUARE CHEESE CAKE PACK,SNACKS,,N,,,,,,,77.00,4809010626332,,,Y,Y,99.98,1.000,
lemon-square-lava-cake,10332,LEMON SQUARE LAVA CAKE,FOOD,,N,,,,,,,7.80,4806018405785,,,Y,Y,9.98,1.000,
lemon-square-lava-cake-pack,10378,LEMON SQUARE LAVA CAKE PACK,SNACKS,,N,,,,,,,78.00,4806018405792,,,Y,Y,89.98,1.000,
lemonsquare-inipit,10331,LEMONSQUARE INIPIT,FOOD,,N,,,,,,,5.82,,,,Y,Y,8.98,0.000,
liberty-condensada,10470,LIBERTY CONDENSADA 374G,FOOD,,N,,,,,,,59.00,4800575885004,,,Y,Y,69.00,3.000,
lift-berry-bolt-320,10111,LIFT BERRY BOLT 320,DRINKS,,N,,,,,,,14.17,4801981098095,,,Y,Y,18.00,16.000,
lift-citrus-blast-320,10110,LIFT CITRUS BLAST 320,DRINKS,,N,,,,,,,41.16,4801981098088,,,Y,Y,18.00,10.000,
lion-tiger-katol,10043,LION TIGER KATOL - COIL,HOME ESSENTIALS,,N,,,,,,,4.00,4800101008884,,,N,Y,5.00,,
lorens-1908-patis-flavor,98000087,LORENS 1908 PATIS FLAVOR,FOOD,,N,,,,,,,0.00,4804888999229,,,Y,Y,variable,6.000,
lorens-1908-patis-flavor-1,98000089,LORINS 1908 PATIS FLAVOR,FOOD,,N,,,,,,,55.14,4804888999229,,,Y,Y,70.00,6.000,
lorins-since-1973-soy-souce,98000090,LORINS SINCE 1973 SOY SOUCE,FOOD,,N,,,,,,,0.00,4804888999076,,,Y,Y,variable,6.000,
lorins-since-1973-soy-souce-1,98000091,LORINS SINCE 1973 SOY SOUCE,FOOD,,N,,,,,,,45.73,4804888999076,,,Y,Y,60.00,6.000,
lkyme-beef,10164,LUCKYME BEEF,FOOD,,N,,,,,,,8.95,4807770270017,,,Y,Y,11.98,16.000,
lucky-me-chicken-noodles,10320,LUCKYME CHICKEN NOODLES,FOOD,,N,,,,,,,8.95,4807770270024,,,Y,Y,11.98,8.000,
luckyme-go-cup-batchoy,10399,LUCKYME GO CUP BATCHOY,FOOD,,N,,,,,,,23.65,4807770271168,,,Y,Y,30.75,5.000,
luckyme-go-cup-bulalo,10398,LUCKYME GO CUP BULALO,SNACKS,,N,,,,,,,23.65,4807770271175,,,Y,Y,30.75,5.000,
luckyme-mac-&-cheese,10321,LUCKYME MAC & CHEESE,FOOD,,N,,,,,,,24.25,4807770272660,,,Y,Y,28.98,2.000,
lkyme-pnctcntn-chilimansi,9800030,LUCKYME PANCITCANTON CHILIMANSI,FOOD,,N,,,,,,,12.50,4807770270291,,,Y,Y,16.00,16.000,
lkyme-pnctcntn-kal,10165,LUCKYME PANCITCANTON KALAMANSI,FOOD,,N,,,,,,,12.50,4807770270123,,,Y,Y,16.00,22.000,
lkyme-pnctcntn-orig,10166,LUCKYME PANCITCANTON ORIG,FOOD,,N,,,,,,,0.00,4807770270055,,,Y,Y,16.00,6.000,
lkyme-pnctcntn-xtrahot,10167,LUCKYME PANCITCANTON XTRAHOT,FOOD,,N,,,,,,,0.00,4807770271229,,,Y,Y,16.00,4.000,
magic-chips-bbq,10224,MAGIC CHIPS BBQ,SNACKS,,N,,,,,,,7.92,4800016082979,,,Y,Y,10.00,43.000,
magic-chips-cheese,10195,MAGIC CHIPS CHEESE,SNACKS,,N,,,,,,,6.22,4803925033421,,,Y,Y,9.00,38.000,
magic-creams-butter,10214,MAGIC CREAMS BUTTER,SNACKS,,N,,,,,,,5.55,4800016087592,,,Y,Y,9.00,14.000,
magic-creams-choco,10213,MAGIC CREAMS CHOCO,SNACKS,,N,,,,,,,5.55,4800016087554,,,Y,Y,9.00,15.000,
magic-creams-condensed,10212,MAGIC CREAMS CONDENSED,SNACKS,,N,,,,,,,5.55,4800016087578,,,Y,Y,9.00,13.000,
magic-creams-peanut-butter,10211,MAGIC CREAMS PEANUT BUTTER,SNACKS,,N,,,,,,,5.55,4800016087615,,,Y,Y,9.00,10.000,
magic-flakes,10225,MAGIC FLAKES,SNACKS,,N,,,,,,,5.51,4800016087684,,,Y,Y,9.00,32.000,
magic-flakes-cheese,10210,MAGIC FLAKES CHEESE,SNACKS,,N,,,,,,,5.55,4800016082641,,,Y,Y,9.00,11.000,
magic-flakes-pack,10001,MAGIC FLAKES PACK,SNACKS,,N,,,,,,,55.10,4800016087943,,,N,Y,88.00,,
magic-flakes-pack-1,123,MAGIC FLAKES PACK,SNACKS,,N,,,,,,,55.10,4800016087943,,,N,Y,88.00,,
magic-sarap-sachit-1,10382@,MAGIC SARAP SACHET,HOME ESSENTIALS,,N,,,,,,,5.00,48025522,,,Y,Y,7.00,35.000,5.000
mama-sita-oyster-sauce-30g,10209,MAMA SITA OYSTER SAUCE 30G,FOOD,,N,,,,,,,6.25,4804888809474,,,Y,Y,9.00,12.000,
mang-juan-sukang-paombong,10139,MANG JUAN SUKANG PAOMBONG 26G,SNACKS,,N,,,,,,,8.00,4800016110535,,,Y,Y,12.25,2.000,
mang-juan-sukang-paombong-90g,10216,MANG JUAN SUKANG PAOMBONG 90G,SNACKS,,N,,,,,,,22.50,4800016110511,,,Y,Y,29.75,4.000,
mang-juan-sukatsili,98000071,MANG JUAN SUKAT SILI 26G,SNACKS,,N,,,,,,,6.30,4800016110542,,,Y,Y,12.25,2.000,
mang-juan-suka'tsili-90g,10215,MANG JUAN SUKAT SILI 90G,SNACKS,,N,,,,,,,22.50,4800016110528,,,Y,Y,29.75,7.000,
marty's-cracklings-chick-insl-90g,10401,MARTY'S CRACKLINGS CHICK INSL 90G,SNACKS,,N,,,,,,,21.90,4800194179836,,,Y,Y,28.50,4.000,
marty's-cracklings-pln-sltd-90g,10403,MARTY'S CRACKLINGS PLN SLTD 90G,SNACKS,,N,,,,,,,21.90,4800194179881,,,Y,Y,28.50,4.000,
marty's-cracklings-spcy-vngr-90g,10402,MARTY'S CRACKLINGS SPCY VNGR 90G,SNACKS,,N,,,,,,,21.90,4800194179898,,,Y,Y,28.50,3.000,
maxx-candy,10431,MAXX CANDY,,,N,,,,,,,0.83,,,,N,Y,5.00,,
mayon-cream-corn-425g,10034,MAYON CREAM CORN 425G,FOOD,<p>MAYON CREAM STYLE CORN 425G</p>,N,,,,,,,0.00,4806508624511,,,Y,Y,41.50,3.000,
mayon-whole-kernel,10072,MAYON WHOLE KERNEL,FOOD,,N,,,,,,,0.00,4806508624504,,,Y,Y,41.50,6.000,
megasoft-tissue,10076,MEGASOFT TISSUE,HOME ESSENTIALS,,N,,,,,,,0.00,4806506316005,,,Y,Y,17.50,0.000,
mighty-bond,10315,MIGHTY BOND,HOME ESSENTIALS,,N,,,,,,,0.00,4800374032135,,,Y,Y,15.00,175.000,
mighty-pula-20-stick-2,98000110,MIGHTY PULA  STICK,,,N,,,,,,,8.02,4032900150291,,,Y,Y,10.00,5.000,10.000
mighty-pula-kaha-1,98000107,MIGHTY PULA KAHA,HOME ESSENTIALS,,N,,,,,,,164.00,4032900150291,,,Y,Y,185.00,6.000,
mighty-puti-kaha,98000111,MIGHTY PUTI KAHA,,,N,,,,,,,164.00,48041812,,,Y,Y,185.00,3.000,
mighty-puti-stick,98000112,MIGHTY PUTI STICK,,,N,,,,,,,8.02,48041812,,,Y,Y,10.00,13.000,
milo,10173,MILO,FOOD,,N,,,,,,,9.25,4800361413480,,,Y,Y,12.00,13.000,0.000
minute-maid-250,10118,MINUTE MAID 250,DRINKS,,N,,,,,,,0.00,4801981120147,,,Y,Y,12.00,0.000,
misua-pack-12s,10041,MISUA PACK 12S,FOOD,,N,,,,,,,0.00,4809011532809,,,Y,Y,52.00,5.000,
misua-per-piece,10042,MISUA PER PIECE,FOOD,,N,,,,,,,0.00,,,,Y,Y,5.00,98.000,
moby-caramel,10152,MOBY CARAMEL,SNACKS,,N,,,,,,,8.25,4800523220802,,,Y,Y,11.00,5.000,
moby-caramel-puffs-60g,10393,MOBY CARAMEL PUFFS 60G,SNACKS,,N,,,,,,,18.25,4800523220987,,,Y,Y,23.75,1.000,
moby-crunchy-chocolate,10389,MOBY CRUNCHY CHOCOLATE,SNACKS,,N,,,,,,,8.25,4800523220284,,,Y,Y,11.00,0.000,
modess-regular-12-pads,10426,MODESS REGULAR 12 PADS,FEMININE CARE,,N,,,,,,,60.00,8850007371441,,,Y,Y,75.00,4.000,
modess-w/-wings-8pcs,10080,MODESS W/ WINGS 8PCS,FEMININE CARE,,N,,,,,,,0.00,8850007371403,,,Y,Y,52.00,0.000,
monde-special-mamon,10333,MONDE SPECIAL MAMON,FOOD,,N,,,,,,,16.00,4807770121326,,,Y,Y,29.98,30.000,
monde-special-mamon-pack,10376,MONDE SPECIAL MAMON PACK,,,N,,,,,,,96.00,4807770121333,,,Y,Y,149.98,5.000,
monggo,10060,MONGGO,FOOD,,N,,,,,,,0.00,,,,Y,Y,25.00,42.000,
mountain-dew-(290ml),10239,MOUNTAIN DEW (290ML),DRINKS,,N,,,,,,,16.35,4803925130328,,,Y,Y,20.00,3.000,5.000
mountain-dew-1.5l,10275,MOUNTAIN DEW 1.5L,DRINKS,,N,,,,,,,62.00,4803925151149,,,Y,Y,72.00,5.000,
mr-chips-manamis-mais,10219,MR CHIPS MANAMIS MAIS 45G,SNACKS,,N,,,,,,,8.19,4800016666445,,,Y,Y,12.50,34.000,
mr-chips-nacho-cheese-98g,10218,MR CHIPS NACHO CHEESE 98G,SNACKS,,N,,,,,,,19.50,4800016653094,,,Y,Y,25.50,9.000,
mr.-chips-24g,10148,MR. CHIPS  NACHO CHEEZE 4G,SNACKS,,N,,,,,,,5.45,4800016652035,,,Y,Y,9.75,5.000,
muncher-green-peas,10394,MUNCHER GREEN PEAS,SNACKS,,N,,,,,,,1.09,4806511010080,,,N,Y,2.00,,
natalicious,10196,natalicious,SNACKS,,N,,,,,,,0.00,4806529170271,,,Y,Y,10.00,0.000,
nature's-spring-distilled-1000ml,10439,NATURE'S SPRING DISTILLED 1000ML,DRINKS,,N,,,,,,,16.43,4800049720220,,,Y,Y,28.00,12.000,
nature-spring-distilled-500ml,10438,NATURE'S SPRING DISTILLED 500ML,DRINKS,,N,,,,,,,9.94,4800049720213,,,Y,Y,18.00,18.000,
nature's-spring-distilled-5ltrs,10440,NATURE'S SPRING DISTILLED 5LTRS,DRINKS,,N,,,,,,,161.82,4800049715400,,,Y,Y,185.00,2.000,
nature's-spring-1000ml,10188,NATURE'S SPRING PURE 1000ML,DRINKS,,N,,,,,,,14.26,4800049720121,,,Y,Y,25.00,2.000,
nature-spring-pure-350ml,10436,NATURE'S SPRING PURE 350ML,DRINKS,,N,,,,,,,6.92,4800049720107,,,Y,Y,10.00,76.000,
nature-spring-pure-500ml,10437,NATURE'S SPRING PURE 500ML,DRINKS,,N,,,,,,,9.06,4800049720114,,,Y,Y,15.00,95.000,
nescafe-creamy-white,10127,NESCAFE CREAMY WHITE TWIN PACK,FOOD,,N,,,,,,,14.00,4800361416726,,,Y,Y,17.00,9.000,
nescafe-original-2pk,10128,NESCAFE ORIGINAL TWIN PACK,FOOD,,N,,,,,,,14.00,4800361415347,,,Y,Y,17.00,0.000,
nescafe-stick,10189,NESCAFE STICK,FOOD,,N,,,,,,,3.25,4800361339568,,,Y,Y,5.00,69.000,
nestea-apple,10415,NESTEA APPLE,FOOD,,N,,,,,,,19.65,4800361382083,,,Y,Y,25.50,20.000,
nestea-lemon,10414,NESTEA LEMON,FOOD,,N,,,,,,,19.65,4800361379557,,,Y,Y,25.50,24.000,
nestea-lemon-cucumber,10416,NESTEA LEMON CUCUMBER,FOOD,,N,,,,,,,19.65,4800361431507,,,Y,Y,25.50,10.000,
nestle-(almond-brownie-fudge)750ml,10287,NESTLE 2in1 ALMOND BROWNIE FUDGE& COOKIES 750ML,ICE CREAM 🍦,,N,,,,,,,168.00,4806534190837,,,Y,Y,209.98,2.000,
nestle-(rocky-road)-750ml,10288,NESTLE 2in1 ROCKY ROAD & DOUBLE DUTCH 750ML,ICE CREAM 🍦,,N,,,,,,,168.00,4806534190820,,,Y,Y,209.98,0.000,
nestle-all-purpose-cream-250ml,10484,NESTLE ALL PURPOSE CREAM 250ML,FOOD,,N,,,,,,,72.70,4800361061322,,,Y,Y,83.00,24.000,
nestle-(almond-brownie-fudge)1.3l,10289,NESTLE ALMOND BROWNIE FUDGE 1.3L,ICE CREAM 🍦,,N,,,,,,,280.00,4806534190486,,,Y,Y,349.98,0.000,
nestle-(chocolate)1.3l,10290,NESTLE CHOCOLATE 1.3L,ICE CREAM 🍦,,N,,,,,,,275.00,4806534190479,,,Y,Y,344.98,1.000,
nestle-(classic-affogato-sundae)750ml,10285,NESTLE CLASSIC AFFOGATO SUNDAE 750ML,ICE CREAM 🍦,,N,,,,,,,214.00,4806534190912,,,Y,Y,267.98,2.000,
nestle-(cookie's-&-cream)1.3l,10291,NESTLE COOKIE'S & CREAM 1.3L,ICE CREAM 🍦,,N,,,,,,,275.00,4806534190516,,,Y,Y,343.98,0.000,
nestle-(double-dutch)1.3l,10292,NESTLE DOUBLE DUTCH 1.3L,ICE CREAM 🍦,,N,,,,,,,291.00,4806534190523,,,Y,Y,363.98,0.000,
nestle-fresh-milk-1000ml,10445,NESTLE FRESH MILK 1000ML,DRINKS,,N,,,,,,,121.20,4800361015110,,,Y,Y,132.00,3.000,
nestle-fresh-milk-250ml,10441,NESTLE FRESH MILK 250ML,DRINKS,,N,,,,,,,39.55,4800361015103,,,Y,Y,50.00,5.000,
nestle-koko-crunch,10322,NESTLE KOKO CRUNCH,FOOD,,N,,,,,,,6.08,4800361328463,,,Y,Y,9.00,1.000,
nestle-(mango)1.3l,10297,NESTLE MANGO 1.3L,ICE CREAM 🍦,,N,,,,,,,265.00,4806534190288,,,Y,Y,331.98,2.000,
nestle-(mango-cheesecake)750ml,10283,NESTLE MANGO CHEESECAKE 750ML,ICE CREAM 🍦,,N,,,,,,,214.00,4806534190929,,,Y,Y,267.98,2.000,
nestle-milo-110ml,10443,NESTLE MILO 110ML,DRINKS,,N,,,,,,,15.00,4800361396714,,,Y,Y,20.00,6.000,
nestle-milo-180ml,10444,NESTLE MILO 180ML,DRINKS,,N,,,,,,,24.50,4800361362139,,,Y,Y,30.00,3.000,
nestle-(mocha-&-cashew)1.3l,10295,NESTLE MOCHA & CASHEW 1.3L,ICE CREAM 🍦,,N,,,,,,,280.00,4806534190493,,,Y,Y,351.98,1.000,
nestle-(rocky-road)1.3l,10294,NESTLE ROCKY ROAD 1.3L,ICE CREAM 🍦,,N,,,,,,,280.00,4806534190509,,,Y,Y,351.98,1.000,
nestle-(salted-caramel-sundae),10286,NESTLE SALTED CARAMEL SUNDAE 750ML,ICE CREAM 🍦,,N,,,,,,,114.00,4806534190905,,,Y,Y,267.98,2.000,
nestle-(ube)1.3l,10293,NESTLE UBE 1.3L,ICE CREAM 🍦,,N,,,,,,,265.00,4806534190271,,,Y,Y,331.98,2.000,
nestle-vanilla-1.3ml-1,10351Q,NESTLE VANILLA 1.3ML,ICE CREAM 🍦,,N,,,,,,,265.20,,,,Y,Y,331.98,2.000,
nips-milk-choco,10206,NIPS MILK CHOCO 14G,SNACKS,,N,,,,,,,5.87,480001604268,,,Y,Y,8.00,-2.000,
nips-peanut,10203,NIPS PEANUT 14G,SNACKS,,N,,,,,,,5.87,,,,Y,Y,8.00,41.000,
nips-white-choco-14g,10243,NIPS WHITE CHOCO 14G,FOOD,,N,,,,,,,0.00,,,,Y,Y,8.00,43.000,
nips-white-choco,10258,NIPS WHITE CHOCO PACK,SNACKS,,N,,,,,,,28.95,4800016043093,,,Y,Y,35.00,18.000,
nips-white-choco-piece,10259,NIPS WHITE CHOCO PIECE,SNACKS,,N,,,,,,,1.20,,,,Y,Y,2.00,18.000,
nissin-bread-stix,10325,NISSIN BREAD STIX,FOOD,,N,,,,,,,6.15,4807770100703,,,Y,Y,9.98,4.000,
nissin-bread-stix-pack,10380,NISSIN BREAD STIX PACK,SNACKS,,N,,,,,,,61.50,4807770101502,,,Y,Y,84.98,1.000,
nissin-butter-coconut,9800125,NISSIN BUTTER COCONUT 14G,SNACKS,,N,,,,,,,3.27,4807770120473,,,Y,Y,5.98,8.000,5.000
nissin-butter-coconut-28g,98000126,NISSIN BUTTER COCONUT 28G,SNACKS,,N,,,,,,,5.55,4807770122163,,,Y,Y,8.00,20.000,
nissin-butter-coconut-pack,10377,NISSIN BUTTER COCONUT PACK,SNACKS,,N,,,,,,,39.25,4807770100529,,,Y,Y,54.98,3.000,
nissin-cup-noodles-spcyhtbf,10228,NISSIN CUP NOODLES SPCYHTBF,FOOD,,N,,,,,,,22.01,,,,Y,Y,30.00,1.000,
nissin-cup-noodles-spcysf,10229,NISSIN CUP NOODLES SPCYSF,FOOD,,N,,,,,,,22.01,,,,Y,Y,30.00,5.000,
nissin-eggnog-cookies,10326,NISSIN EGGNOG COOKIES,FOOD,,N,,,,,,,6.72,4807770101854,,,Y,Y,8.98,0.000,
nissin-eggnog-cookies-pack,10379,NISSIN EGGNOG COOKIES PACK,SNACKS,,N,,,,,,,0.00,4807770100963,,,Y,Y,variable,0.000,
nissin-wafer-choco,10323,NISSIN WAFER CHOCO,FOOD,,N,,,,,,,2.70,4807770120213,,,Y,Y,4.98,20.000,
nobrelli-(choco-keso-ube)1.3l,10281,NOBRELLI CHOCO-KESO-UBE 1.3L,ICE CREAM 🍦,,N,,,,,,,168.00,4806534190066,,,Y,Y,210.98,2.000,
nobrelli-(choco-mangga-ube)-1.3l,10282,NOBRELLI CHOCO-MANGGA-UBE 1.3L,ICE CREAM 🍦,,N,,,,,,,168.00,4806534190073,,,Y,Y,210.98,3.000,
nobrelli-(choco-pandan-ube)-1.3l,10280,NOBRELLI CHOCO-PANDAN-UBE 1.3L,ICE CREAM 🍦,,N,,,,,,,168.00,4806534190080,,,Y,Y,210.98,4.000,
nova-cntry-chddr-fs,10149,NOVA COUNTRY CHEDDAR 20G,SNACKS,,N,,,,,,,6.66,,,,Y,Y,8.75,19.000,
nova-by-pack,98000069,NOVA COUNTRY CHEDDAR 20G PACK,SNACKS,,N,,,,,,,53.28,4800016678141,,,Y,Y,65.25,6.000,2.000
nova-country-cheddar-26g,98000056,NOVA COUNTRY CHEDDAR 38G,SNACKS,,N,,,,,,,14.00,4800016663802,,,Y,Y,18.25,-1.000,
nova-country-cheddar-78g,98000059,NOVA COUNTRY CHEDDAR 78G,SNACKS,,N,,,,,,,29.55,,,,Y,Y,38.50,3.000,
nova-homestyle-bbq-38g,98000057,NOVA HOMESTYLE BBQ 38G,SNACKS,,N,,,,,,,14.00,,,,Y,Y,18.25,9.000,
nova-homestyle-bbq-78g,98000060,NOVA HOMESTYLE BBQ 78G,SNACKS,,N,,,,,,,29.55,,,,Y,Y,38.50,11.000,
nutri-star-chicken-bbq,98000137,NUTRI STAR CHICKEN BBQ,SNACKS,,N,,,,,,,8.25,4800523220192,,,Y,Y,10.00,4.000,
nutri-star-chicken-bbq-1,98000138,NUTRI STAR CHICKEN BBQ,SNACKS,,N,,,,,,,8.25,4800523220192,,,Y,Y,10.00,8.000,
nutriboost-choco-110,10112,NUTRIBOOST CHOCO 110,DRINKS,,N,,,,,,,0.00,4801981190119,,,Y,Y,15.00,2.000,
nutriboost-choco-pack,10108,NUTRIBOOST CHOCO PACK,DRINKS,,N,,,,,,,0.00,4801981095452,,,N,Y,84.00,,
nutriboost-choco-pack-1,1080,NUTRIBOOST CHOCO PACK,DRINKS,,N,,,,,,,0.00,4801981095452,,,N,Y,84.00,,
nutriboost-choco-pack-2,3569,NUTRIBOOST CHOCO PACK,DRINKS,,N,,,,,,,0.00,4801981095452,,,N,Y,84.00,,
nutriboost-strwbrry-110,10113,NUTRIBOOST STRWBRRY 110,DRINKS,,N,,,,,,,0.00,4801981189526,,,Y,Y,15.00,4.000,
nutriboost-strwbrry-pack,121,NUTRIBOOST STRWBRRY PACK,DRINKS,,N,,,,,,,0.00,4801981095469,,,N,Y,84.00,,
nutriboost-strwbrry-pack-1,10115,NUTRIBOOST STRWBRRY PACK,DRINKS,,N,,,,,,,0.00,4801981095469,,,N,Y,84.00,,
nutriboost-strwbrry-pack-6s,10106,NUTRIBOOST STRWBRRY PACK 6S,DRINKS,,N,,,,,,,0.00,4801981095469,,,N,Y,84.00,,
odong,10039,ODONG PACK,FOOD,,N,,,,,,,0.00,4809011532823,,,Y,Y,40.00,6.000,
odong-per-piece,10040,ODONG PER PIECE,FOOD,,N,,,,,,,0.00,,,,Y,Y,4.00,72.000,
oishi-cracklings,10130,OISHI CRACKLINGS,SNACKS,,N,,,,,,,7.50,4800194116084,,,Y,Y,9.00,1.000,
oishi-fish-crackers-90g,10404,OISHI FISH CRACKERS 90G,SNACKS,,N,,,,,,,25.65,4800194177146,,,Y,Y,33.50,2.000,
oishi-onion-rngs,10137,OISHI ONION RNGS,SNACKS,,N,,,,,,,7.50,4800194104982,,,Y,Y,9.00,13.000,
oishi-potato-fries,10088,OISHI Potato Fries,SNACKS,,N,,,,,,,7.50,4800194104777,,,Y,Y,9.00,0.000,
oishi-prwn-crckrs,10136,OISHI PRAWN CRACKERS  NATURAL  24G,SNACKS,,N,,,,,,,7.40,4891208040143,,,Y,Y,9.00,18.000,
oishi-prawn-crackers-60g,10400,OISHI PRAWN CRACKERS 60G,SNACKS,,N,,,,,,,17.45,4891208040136,,,Y,Y,22.75,5.000,
oishi-prwn-crckrs-spcy-1,10142,OISHI PRAWN CRACKERS SPICY 24G,SNACKS,,N,,,,,,,7.50,4800194104968,,,Y,Y,9.00,4.000,
oishi-prwn-crckrs-spcy,10135,OISHI PRAWN CRACKERS SWEET & EXTRA HOT 24G,SNACKS,,N,,,,,,,7.50,4800194104951,,,Y,Y,9.00,2.000,
oishi-rinbee,10140,OISHI RINBEE,SNACKS,,N,,,,,,,7.50,4891208040181,,,Y,Y,9.00,13.000,
omega120,10004,OMEGA120,ESSENTIAL OILS,<p>120ML</p>,N,,,,,,,0.00,4800011736044,,,Y,Y,120.00,3.000,0.000
omega15,10006,OMEGA15,ESSENTIAL OILS,<p>15ML</p>,N,,,,,,,0.00,4800011736013,,,Y,Y,22.50,7.000,5.000
omega30ml,10002,OMEGA30,ESSENTIAL OILS,<p>30ML</p>,N,,,,,,,0.00,4800011736020,,,Y,Y,41.00,12.000,5.000
omega60,10003,OMEGA60,ESSENTIAL OILS,<p>60ML</p>,N,,,,,,,0.00,4800011736037,,,Y,Y,67.00,4.000,0.000
oreo-1l,10284,OREO 1L,ICE CREAM 🍦,,N,,,,,,,312.00,4800361373029,,,Y,Y,389.98,3.000,
oreo-ice-cream-110ml,19,OREO ICE CREAM 110ML,ICE CREAM 🍦,,N,,,,,,,55.00,4806534190417,,,Y,Y,62.98,11.000,10.000
oreo-ice-cream-450,10279,OREO ICE CREAM 450ML,ICE CREAM 🍦,,N,,,,,,,160.00,4800361404747,,,Y,Y,199.98,0.000,
osaka-sardines,10201,OSAKA SARDINES,FOOD,,N,,,,,,,23.39,4800036999929,,,Y,Y,27.00,29.000,
overload-blkfrst,10222,OVERLOAD BLKFRST,SNACKS,,N,,,,,,,7.92,4800016112430,,,Y,Y,10.00,6.000,
overload-blkfrst-10s,10254,OVERLOAD BLKFRST 10S,SNACKS,,N,,,,,,,79.20,4800016112423,,,Y,Y,90.00,6.000,
overlaod-choco-strwbrry,10223,OVERLOAD CHOCO STRWBRRY,SNACKS,,N,,,,,,,7.92,4800016112379,,,Y,Y,10.00,9.000,
overload-chocostrwbrry-1,10256,OVERLOAD CHOCOSTRWBRRY 10s,SNACKS,,N,,,,,,,79.20,4800016112386,,,Y,Y,90.00,8.000,
palmolive-ad+sh,10018,PALMOLIVE AD+SH,BATH ESSENTIALS,<p>ANTIDANDRUFF+SCALPHEALTH / BLUE</p>,N,,,,,,,0.00,8850006480748,,,Y,Y,8.98,22.000,
palmolive-im,10017,PALMOLIVE IM,BATH ESSENTIALS,<p>INTENSIVE MOISTURE / PINK</p>,N,,,,,,,0.00,8850006493014,,,Y,Y,8.98,39.000,
palmolive-ss,10016,PALMOLIVE SS,BATH ESSENTIALS,<p>SILKY STRAIGHT</p>,N,,,,,,,0.00,8850006493045,,,Y,Y,8.98,57.000,
palmolive-us,10019,PALMOLIVE US,BATH ESSENTIALS,<p>ULTRASMOOTH / GREEN</p>,N,,,,,,,0.00,8850006493038,,,Y,Y,8.98,181.000,
pampers-nb-4pcs,10074,PAMPERS NB 4PCS,BABY ESSENTIALS,,N,,,,,,,0.00,4902430615273,,,Y,Y,50.00,16.000,
pancit-canton-chilimansi-kasalo-pack,10459,PANCIT CANTON CHILIMANSI KASALO PACK,FOOD,,N,,,,,,,19.25,4807770274480,,,Y,Y,25.00,5.000,
pancit-canton-kalamansi-kasalo-pack,10460,PANCIT CANTON KALAMANSI KASALO PACK,FOOD,,N,,,,,,,19.25,4807770274275,,,Y,Y,25.00,5.000,
pancit-canton-sweet&spicy-kasalo-pack,10458,PANCIT CANTON SWEET&SPICY KASALO PACK,FOOD,,N,,,,,,,19.25,4807770274473,,,Y,Y,25.00,5.000,
pantene-shampoo-hair-fall-control,980000021,PANTENE SHAMPOO HAIR FALL CONTROL,BATH ESSENTIALS,,N,,,,,,,6.84,4902430698085,,,Y,Y,8.98,22.000,
pantene-shampoo-nourished-shine,980000022,PANTENE SHAMPOO NOURISHED SHINE,BATH ESSENTIALS,,N,,,,,,,6.84,4987176211576,,,Y,Y,8.98,18.000,
pantene-shampoo-total-damage-care,980000020,PANTENE SHAMPOO TOTAL DAMAGE CARE,BATH ESSENTIALS,,N,,,,,,,6.84,4902430698146,,,Y,Y,8.98,23.000,
pantene-supplement-conditioner-biotin,980000019,PANTENE SUPPLEMENT CONDITIONER BIOTIN,BATH ESSENTIALS,,N,,,,,,,7.57,4902430634014,,,Y,Y,9.98,24.000,
pantene-supplement-conditioner,980000018,PANTENE SUPPLEMENT CONDITIONER COLLAGEN,Cleaning/Laundry Supplies,,N,,,,,,,7.57,4902430634007,,,Y,Y,9.98,22.000,
peewee-pzza-sprm,10156,PEEWEE PZZA SUPREME,SNACKS,,N,,,,,,,8.50,4800523220376,,,Y,Y,10.98,0.000,
peewee-sizzling-barbeque-25g,10387,PEEWEE SIZZLING BARBEQUE 25G,SNACKS,,N,,,,,,,8.25,4800523220031,,,Y,Y,10.98,6.000,
peewee-sizzling-bbq,10386@,PEEWEE SIZZLING BBQ,,,N,,,,,,,8.25,4800523220031,,,Y,Y,10.98,6.000,
peewee-sizzling-bbq-25g,10388,PEEWEE SIZZLING BBQ 25G,SNACKS,,N,,,,,,,8.25,4800523220031,,,Y,Y,10.98,12.000,
peewee-sizzling-bbq-60g,10395,PEEWEE SIZZLING BBQ 60G,SNACKS,,N,,,,,,,18.25,4800523220048,,,Y,Y,23.75,4.000,
peewee-spcy-chili,10154,PEEWEE SPICY CHILI 25G,SNACKS,,N,,,,,,,8.25,4800523220659,,,Y,Y,10.98,3.000,
pepsi-extra-fizz-1.5l,10372,PEPSI EXTRA FIZZ 1.5L,DRINKS,,N,,,,,,,59.75,4803925151101,,,Y,Y,64.98,0.000,3.000
pepsi-extra-fizz-195ml-1,10383Q,PEPSI EXTRA FIZZ 195ML,DRINKS,,N,,,,,,,11.00,4803925130397,,,Y,Y,15.00,2.000,
pepsi-extra-fizz-1l,10251,PEPSI EXTRA FIZZ 1L,DRINKS,,N,,,,,,,41.00,4803925370212,,,Y,Y,55.00,1.000,
piattos-cheese,10147,PIATTOS CHEESE 40G,SNACKS,,N,,,,,,,15.75,4800016644801,,,Y,Y,18.50,2.000,
piattos-85g,10202,PIATTOS CHEESE 85G,SNACKS,,N,,,,,,,33.22,4800016644504,,,Y,Y,38.50,4.000,
piattos-roadhouse-bbq-40g,98000064,PIATTOS ROADHOUSE BBQ 40G,SNACKS,,N,,,,,,,13.80,4800016633782,,,Y,Y,18.50,8.000,
piattos-roadhouse-bbq,10227,PIATTOS ROADHOUSE BBQ 85G,SNACKS,,N,,,,,,,33.22,4800016633799,,,Y,Y,38.50,4.000,
piattos-sourcrm,10145,PIATTOS SOUR CREAM 40G,SNACKS,,N,,,,,,,15.75,4800016671807,,,Y,Y,18.50,9.000,
piattos-srcrm,10220,PIATTOS SOUR CREAM 85G,SNACKS,,N,,,,,,,28.80,4800016671500,,,Y,Y,38.50,4.000,
pillows-choco-38g,10272,PILLOWS CHOCO 38G,SNACKS,,N,,,,,,,9.00,4800194116466,,,Y,Y,12.00,4.000,
pillows-ube-24g,10263,PILLOWS UBE 24G,SNACKS,,N,,,,,,,6.75,4800194153324,,,Y,Y,9.00,4.000,
plastic-cups,10485,PLASTIC CUPS,,,N,,,,,,,0.00,,,,N,Y,3.00,,
pocari-sweat-350ml,98000077,POCARI SWEAT 350ML,DRINKS,,N,,,,,,,34.25,8997035600010,,,Y,Y,45.00,22.000,
pocari-sweat-350ml-1,98000078,POCARI SWEAT 350ML,DRINKS,,N,,,,,,,34.25,8997035600010,,,Y,Y,45.00,17.000,
pocari-sweat-350ml-2,98000079,POCARI SWEAT 350ML,DRINKS,,N,,,,,,,34.25,8997035600010,,,Y,Y,45.00,24.000,
pocari-sweat-500ml,98000076,POCARI SWEAT 500ML,DRINKS,,N,,,,,,,44.58,6072120155025,,,Y,Y,55.00,9.000,
premier-purified-water-500ml,10384,PREMIER PURIFIED WATER 500ML,,,N,,,,,,,9.67,4803925320002,,,Y,Y,15.00,9.000,
premium-dw-liq---cal,10025,PREMIUM DW LIQ - CAL,Cleaning/Laundry Supplies,<p>CALAMANSI</p>,N,,,,,,,0.00,,,,Y,Y,40.00,71.000,
premium-dw-liq---green-apple,10089,PREMIUM DW LIQ - GREEN APPLE,Cleaning/Laundry Supplies,,N,,,,,,,0.00,,,,Y,Y,40.00,30.000,
premium-dw-liq---lem,10026,PREMIUM DW LIQ - LEM,Cleaning/Laundry Supplies,<p>LEMON / YELLOW</p>,N,,,,,,,0.00,,,,Y,Y,40.00,57.000,
premium-dw-liq-antibac,10090,PREMIUM DW LIQ ANTIBAC,Cleaning/Laundry Supplies,,N,,,,,,,0.00,,,,Y,Y,42.00,84.000,
presto-choco,10207,PRESTO CHOCO,SNACKS,,N,,,,,,,6.13,4800010075878,,,Y,Y,10.00,-1.000,
presto-choco-peanut-butter,98000122,PRESTO CHOCO PEANUT BUTTER,SNACKS,,N,,,,,,,6.45,4800016077906,,,Y,Y,10.00,5.000,
presto-choco-vanilla,98000123,PRESTO CHOCO VANILLA,SNACKS,,N,,,,,,,5.87,4800010075861,,,Y,Y,10.00,20.000,
presto-pack,10141,PRESTO PACK,,,N,,,,,,,0.00,,,,N,Y,90.00,,
presto-peanut-butter,98000121,PRESTO PEANUT BUTTER,SNACKS,,N,,,,,,,6.45,4800010076073,,,Y,Y,10.00,36.000,
ptato-frs,10151,PTATO FRS,SNACKS,,N,,,,,,,0.00,4800194104777,,,Y,Y,10.00,10.000,
rapsa-pancit-bihon,98000095,RAPSA PANCIT BIHON,FOOD,,N,,,,,,,16.60,4800528459030,,,Y,Y,22.00,9.000,
rc,10276,RC,DRINKS,,N,,,,,,,33.00,4806527711254,,,Y,Y,43.00,5.000,
red-chili-corn-chips-7g,10411,RED CHILI CORN CHIPS 7G,SNACKS,,N,,,,,,,1.25,4800365221012,,,Y,Y,2.00,36.000,
red-horse-500,10083,RED HORSE 500,DRINKS,,N,,,,,,,60.00,4801032211077,,,Y,Y,75.00,25.000,
red-horse-litro,10084,RED HORSE LITRO,DRINKS,,N,,,,,,,120.00,4801032211138,,,Y,Y,145.00,20.000,
red-horse-super-2,98000075,RED HORSE SUPER,DRINKS,,N,,,,,,,135.00,4801032231136,,,Y,Y,155.00,7.000,
refresh-500ml,10230,REFRESH 500ML,DRINKS,,N,,,,,,,8.65,4800016073625,,,Y,Y,10.00,40.000,
rejoice-4w,10022,REJOICE 4W,BATH ESSENTIALS,<p>4WASH&nbsp;</p>,N,,,,,,,0.00,4902430698078,,,Y,Y,11.98,25.000,
rexona-ice-cool-3ml,10310,REXONA ICE COOL 3ML,HOME ESSENTIALS,,N,,,,,,,7.92,4800888160027,,,Y,Y,10.00,12.000,
rexona-passion,10307,REXONA PASSION 3ML,HOME ESSENTIALS,,N,,,,,,,7.92,4800888151100,,,Y,Y,10.00,12.000,
rexona-powder-dry-3ml,10306,REXONA POWDER DRY 3ML,HOME ESSENTIALS,,N,,,,,,,7.92,4800888158888,,,Y,Y,10.00,11.000,
rexona-quantum-dry,10309,REXONA QUANTUM DRY 3ML,HOME ESSENTIALS,,N,,,,,,,7.92,4800888151117,,,Y,Y,10.00,9.000,
rexona-shower-clean,10308,REXONA SHOWER CLEAN 3ML,HOME ESSENTIALS,,N,,,,,,,7.92,4800888150608,,,Y,Y,10.00,12.000,
richee,10150,RICHEE,SNACKS,,N,,,,,,,8.50,4800523220116,,,Y,Y,11.00,4.000,
richee-60g,10386,RICHEE 60G,SNACKS,,N,,,,,,,18.25,4800523220123,,,Y,Y,23.75,3.000,
royal-1.25l,10487,Royal 1.25L,,,N,,,,,,,0.00,4801981122967,,,Y,Y,60.00,4.000,
royal-1.75,10252,Royal 1.5L,DRINKS,,N,,,,,,,0.00,,,,Y,Y,75.00,12.000,
royal-1.75l,10383,ROYAL 1.75L,DRINKS,,N,,,,,,,61.67,4801981116171,,,Y,Y,84.75,10.000,
royal-190,10117,ROYAL 190,DRINKS,,N,,,,,,,0.00,4801981127207,,,Y,Y,15.00,8.000,
royal-237,10124,ROYAL 237,DRINKS,,N,,,,,,,0.00,,,,Y,Y,18.00,0.000,
royale-antibac,10023,ROYALE ANTIBAC,Cleaning/Laundry Supplies,,N,,,,,,,0.00,8998866501460,,,Y,Y,8.00,17.000,
safeguard-(extra-strong-cooling),10248,SAFEGUARD EXTRA STRONG COOLING,HOME ESSENTIALS,,N,,,,,,,19.50,4902430327428,,,Y,Y,25.98,5.000,3.000
safeguard-floral-pink-65g,98000009,SAFEGUARD FLORAL PINK 65G,BATH ESSENTIALS,,N,,,,,,,20.19,4902430951357,,,Y,Y,25.98,6.000,
safeguard-lemon-fresh-65g,980000011,SAFEGUARD LEMON FRESH 65G,BATH ESSENTIALS,,N,,,,,,,20.19,4902430803694,,,Y,Y,25.98,6.000,
safeguard-pure-white-115g,98000008,SAFEGUARD PURE WHITE 115G,BATH ESSENTIALS,,N,,,,,,,49.19,4902430934800,,,Y,Y,59.98,3.000,
safeguard-pure-white-65g,980000010,SAFEGUARD PURE WHITE 65G,BATH ESSENTIALS,,N,,,,,,,20.19,4902430945554,,,Y,Y,25.98,4.000,
safeguard-pure-white-78g,98000007,SAFEGUARD PURE WHITE 78G,BATH ESSENTIALS,,N,,,,,,,38.25,4902430495073,,,Y,Y,45.98,3.000,
safeguard-white-camellia-65g,980000012,SAFEGUARD WHITE CAMELLIA 65G,BATH ESSENTIALS,,N,,,,,,,20.19,4987176220653,,,Y,Y,25.98,6.000,
salt-1/4,10056,SALT 1/4,FOOD,,N,,,,,,,0.00,,,,Y,Y,10.00,113.000,
salt-1kg,10057,SALT 1KG,FOOD,,N,,,,,,,0.00,,,,Y,Y,26.00,32.000,
samyang-buldak-carbonbara,10455,SAMYANG BULDAK CARBONBARA,FOOD,,N,,,,,,,85.00,8801073113893,,,Y,Y,95.00,1.000,
samyang-buldak-cheese,10457,SAMYANG BULDAK CHEESE,FOOD,,N,,,,,,,85.00,8801073113312,,,Y,Y,95.00,2.000,
samyang-buldak-hot-chicken,10456,SAMYANG BULDAK HOT CHICKEN,FOOD,,N,,,,,,,85.00,8801073110502,,,Y,Y,95.00,3.000,
samyang-swicy-(swtspcy),10454,SAMYANG SWICY (SWTSPCY),FOOD,,N,,,,,,,88.50,8801073117068,,,Y,Y,98.00,2.000,
san-marino-chili-corned-tuna,10067,SAN MARINO CHILI CORNED TUNA,FOOD,,N,,,,,,,0.00,4800249006636,,,Y,Y,44.00,15.000,
san-marino-corned-tuna,10066,SAN MARINO CORNED TUNA,FOOD,,N,,,,,,,0.00,4800249006612,,,Y,Y,44.00,10.000,
san-marino-spanish-style-tuna,10126,SAN MARINO SPANISH STYLE TUNA,FOOD,,N,,,,,,,0.00,4800249043587,,,Y,Y,45.00,10.000,
san-mig-light-330ml,98000037,SAN MIGUEL LIGHT 330ML,DRINKS,,N,,,,,,,43.75,4801032741048,,,Y,Y,54.50,11.000,
sanicare-cotton-10g,10422,SANICARE COTTON 10G,HOME ESSENTIALS,,N,,,,,,,6.10,4806502350096,,,Y,Y,8.00,3.000,
sanicare-cotton-buds-108pcs,10423,SANICARE COTTON BUDS 108PCS,HOME ESSENTIALS,,N,,,,,,,12.70,4806502350010,,,Y,Y,16.50,1.000,
sanicare-cotton-buds-200pcs,10424,SANICARE COTTON BUDS 200PCS,HOME ESSENTIALS,,N,,,,,,,20.00,4806502350034,,,Y,Y,26.00,4.000,
scissors,10305,SCISSORS,HOME ESSENTIALS,,N,,,,,,,24.50,4852784195054,,,Y,Y,30.00,12.000,
scour-power-sponge,10312,SCOUR POWER SPONGE,HOME ESSENTIALS,,N,,,,,,,20.50,6975469470029,,,Y,Y,25.00,11.000,
senorita-dry-peas,10068,SENORITA DRY PEAS,FOOD,,N,,,,,,,0.00,4806508624009,,,Y,Y,28.00,18.000,
señorita-sardines,10264,SEÑORITA SARDINES,FOOD,,N,,,,,,,23.45,4806508627215,,,Y,Y,26.00,6.000,
señorita-sardines-1,10265,SEÑORITA SARDINES,FOOD,,N,,,,,,,23.45,4806508627215,,,Y,Y,26.00,0.000,
shell-brake-and-clutch-fluid,10240,SHELL BRAKE AND CLUTCH FLUID,SHELL,,N,,,,,,,0.00,5011987132221,,,Y,Y,271.00,8.000,
silka-(whitening-herbal-soap),10247,SILKA (WHITENING HERBAL SOAP),HOME ESSENTIALS,,N,,,,,,,18.20,4806507832481,,,Y,Y,22.00,6.000,5.000
silver-swan-soy-sauce-1l,10061,SILVER SWAN SOY SAUCE 1L,FOOD,,N,,,,,,,0.00,4800344001628,,,Y,Y,56.00,3.000,
silver-swan-soy-sauce-200ml,10065,SILVER SWAN SOY SAUCE 200ML,FOOD,,N,,,,,,,0.00,4800344001949,,,Y,Y,13.00,52.000,
silver-swan-soy-sauce-25ml,10038,SILVER SWAN SOY SAUCE 25ML,FOOD,,N,,,,,,,0.00,4800344001925,,,Y,Y,3.00,248.000,
silver-swan-soy-sauce-385ml,10382,SILVER SWAN SOY SAUCE 385ML,FOOD,,N,,,,,,,24.50,4800344001420,,,Y,Y,31.85,0.000,
silver-swan-suka,10062,SILVER SWAN SUKA 1L,FOOD,,N,,,,,,,0.00,4800344004629,,,Y,Y,45.00,3.000,
silver-swan-suka-200ml,10064,SILVER SWAN SUKA 200ML,FOOD,,N,,,,,,,0.00,4800344004940,,,Y,Y,11.00,51.000,
silver-swan-suka-25ml,10037,SILVER SWAN SUKA 25ML,FOOD,,N,,,,,,,0.00,4800344004926,,,Y,Y,3.00,133.000,
silver-swan-sukang-puti-385ml,98000134,SILVER SWAN SUKANG PUTI 385ML,KITCHEN,,N,,,,,,,0.00,4800344004421,,,Y,Y,variable,0.000,
silver-swan-sukang-puti-385ml-1,10208,SILVER SWAN SUKANG PUTI 385ML,FOOD,,N,,,,,,,20.50,4800344004421,,,Y,Y,26.65,5.000,
sisters-dry-maxi-8,10032,SISTERS DRY MAXI 8,FEMININE CARE,<p>DRY MAXI GREEN</p>,N,,,,,,,0.00,4806506318955,,,Y,Y,28.00,23.000,
sisters-night-plus-w/-wings-8pcs,10033,SISTERS NIGHT PLUS W/ WINGS 8PCS,FEMININE CARE,<p>SISTERS BLUE</p>,N,,,,,,,0.00,4806506318856,,,Y,Y,40.00,16.000,
sisters-overnight-dry,10421,SISTERS OVERNIGHT DRY,FEMININE CARE,,N,,,,,,,32.75,4806506318900,,,Y,Y,42.50,3.000,
sisters-pantyliners-8pcs,10075,SISTERS PANTYLINERS 8PCS,FEMININE CARE,,N,,,,,,,0.00,4806506318870,,,Y,Y,15.00,29.000,
skyflakes-condensada,10329,SKYFLAKES CONDENSADA,FOOD,,N,,,,,,,6.95,,,,Y,Y,9.98,30.000,
skyflakes-cracker,10374,SKYFLAKES CRACKER,SNACKS,,N,,,,,,,6.00,750515018402,,,Y,Y,9.98,18.000,4.000
skyflakes-cracker-10pack,10373,SKYFLAKES CRACKER 1PACK,SNACKS,,N,,,,,,,60.00,750515018501,,,Y,Y,84.98,0.000,
skyflakes-tsokolate,10328,SKYFLAKES TSOKOLATE,FOOD,,N,,,,,,,7.28,750515031029,,,Y,Y,9.98,5.000,
sm-flavored-beer,10085,SM FLAVORED BEER APPLE,DRINKS,,N,,,,,,,41.00,4801032281049,,,Y,Y,53.00,12.000,
sm-pale-pilsen,10086,SM PALE PILSEN 320ML,DRINKS,,N,,,,,,,45.00,4801032111025,,,Y,Y,58.00,23.000,
sm-pale-pilsen-grande,10087,SM PALE PILSEN GRANDE,DRINKS,,N,,,,,,,115.00,4801032111131,,,Y,Y,130.00,3.000,
smirnoff,98000120,SMIRNOFF,DRINKS,,N,,,,,,,54.00,4800142116111,,,Y,Y,65.00,2.000,
special-hobe-bihon,98000094,SPECIAL HOBE BIHON,FOOD,,N,,,,,,,18.85,4800528456299,,,Y,Y,25.00,10.000,
special-odong,98000100,SPECIAL ODONG,FOOD,,N,,,,,,,0.00,4809011014121,,,Y,Y,variable,25.000,
special-odong-1,98000101,SPECIAL ODONG,FOOD,,N,,,,,,,25.30,4809011014121,,,Y,Y,35.00,25.000,
special-odong-per-piece,10269,SPECIAL ODONG PER PIECE,FOOD,,N,,,,,,,2.11,,,,Y,Y,5.00,12.000,
speed-bar-blue,10094,SPEED BAR BLUE,Cleaning/Laundry Supplies,,N,,,,,,,0.00,4806020497310,,,Y,Y,25.00,33.000,
speed-bar-kalamansi,10097,SPEED BAR KALAMANSI,Cleaning/Laundry Supplies,,N,,,,,,,0.00,4806020497334,,,Y,Y,25.00,5.000,
speed-bar-speckled-blue,10098,SPEED BAR SPECKLED BLUE,Cleaning/Laundry Supplies,,N,,,,,,,0.00,4806020497341,,,Y,Y,26.00,52.000,
speed-bar-w/-fabcon,10096,SPEED BAR W/ FABCON,Cleaning/Laundry Supplies,,N,,,,,,,0.00,4806020497471,,,N,Y,27.00,,
spirax-s1-atf-tasa-1l,1035..,SPIRAX S1 ATF TASA 1L,SHELL,,N,,,,,,,0.00,5011987043893,,,Y,Y,379.00,15.000,
sprcrnch-cheese,10159,SPRCRNCH CHEESE,SNACKS,,N,,,,,,,0.00,4800365101215,,,Y,Y,12.00,9.000,
springmaid-toothbrush,10311,SPRINGMAID TOOTHBRUSH,HOME ESSENTIALS,,N,,,,,,,0.00,4806014881750,,,N,Y,15.00,,
sprite-1.5l,10114,SPRITE 1.5L,DRINKS,,N,,,,,,,0.00,4801981116270,,,Y,Y,75.00,1.000,
sprite-1.75l,98000119,SPRITE 1.75L,DRINKS,,N,,,,,,,61.67,4801981116270,,,Y,Y,84.75,11.000,
sprite-237ml,10125,SPRITE 237ML,DRINKS,,N,,,,,,,0.00,,,,Y,Y,18.00,0.000,
star-corned-beef-150g,10480,STAR CORNED BEEF 150G,FOOD,,N,,,,,,,34.75,4808887011852,,,Y,Y,40.00,5.000,
sting-290ml-1,10253,STING 290ML,DRINKS,,N,,,,,,,16.75,480392503355,,,Y,Y,25.00,9.000,5.000
sting-strwbrry-320ml,10192,STING STRWBRRY 320ML,DRINKS,,N,,,,,,,0.00,4803925033421,,,Y,Y,25.00,0.000,
sukamod,10063,SUKAMOD,FOOD,,N,,,,,,,0.00,,,,Y,Y,40.00,7.000,
sulit-bar-speckled-blue,10100,SULIT BAR SPECKLED BLUE,Cleaning/Laundry Supplies,,N,,,,,,,0.00,4806020492032,,,Y,Y,24.00,2.000,
summit-(1000ml),10257,SUMMIT (1000ML),DRINKS,,N,,,,,,,0.00,4800014142088,,,Y,Y,25.00,0.000,5.000
sunsilk-smth&mngbl-15ml,10271,SUNSILK SMTH&MNGBL 15ML,BATH ESSENTIALS,,N,,,,,,,6.00,4800888169716,,,Y,Y,8.98,13.000,
super-bawang-5g,10413,SUPER BAWANG 5G,SNACKS,,N,,,,,,,0.98,4806511012510,,,Y,Y,2.00,24.000,
supercrnch-beef,10162,SUPER CRUNCH BEEFY BBQ 55G,SNACKS,,N,,,,,,,10.50,4800365101222,,,Y,Y,14.50,8.000,
supercrnch-cheese,10186,SUPER CRUNCH CHEESE 5G,SNACKS,,N,,,,,,,10.50,4800365101215,,,Y,Y,14.50,1.000,
supercrnch-spcl,10163,SUPER CRUNCH SPECIAL CHIP CHARON 32G,SNACKS,,N,,,,,,,10.50,4800365701057,,,Y,Y,14.50,-5.000,
surf-bar-blue,10102,SURF BAR BLUE,Cleaning/Laundry Supplies,,N,,,,,,,0.00,4800888136701,,,Y,Y,25.00,1.000,
surf-bar-tawas,10103,SURF BAR TAWAS,Cleaning/Laundry Supplies,,N,,,,,,,0.00,4800888136800,,,Y,Y,26.00,2.000,
surf-powder-antibac-65g,10407,SURF POWDER ANTIBAC 65G,Cleaning/Laundry Supplies,,N,,,,,,,7.25,4800888218940,,,Y,Y,10.00,12.000,
surf-powder-kalamansi,10105,SURF POWDER KALAMANSI,Cleaning/Laundry Supplies,,N,,,,,,,7.25,4800888151827,,,Y,Y,10.00,6.000,
surf-powder-purple-blooms-65g,10406,SURF POWDER PURPLE BLOOMS 65G,Cleaning/Laundry Supplies,,N,,,,,,,7.25,4800888199133,,,Y,Y,10.00,12.000,
rose-powder-rose-fresh-65g,10408,SURF POWDER ROSE FRESH 65G,Cleaning/Laundry Supplies,,N,,,,,,,7.25,4800888183804,,,Y,Y,10.00,3.000,
surf-ultra-power-liquid-(-rose-fresh),10245,SURF ULTRA POWER LIQUID ( ROSE FRESH),HOME ESSENTIALS,,N,,,,,,,7.50,4800888223395,,,Y,Y,10.00,12.000,5.000
surf(cherry-blossom),10244,SURF(CHERRY BLOSSOM),HOME ESSENTIALS,,N,,,,,,,6.70,4800888189806,,,Y,Y,9.98,3.000,5.000
sweetchili-chps-bbq,10157,SWEETCHILI CHPS BBQ,SNACKS,,N,,,,,,,8.25,4800365221074,,,Y,Y,11.50,8.000,
swtchli-crnchps-bbq-7g,10177,SWTCHLI CRNCHPS BBQ 7G,SNACKS,,N,,,,,,,0.00,4800365221029,,,Y,Y,12.00,23.000,
tagay-chiligarlic-7g,10178,TAGAY CHILIGARLIC 7G,SNACKS,,N,,,,,,,0.00,4800365181026,,,Y,Y,2.00,19.000,
tanduay-rhum-65p-375,10120,TANDUAY RHUM 65P 375,DRINKS,,N,,,,,,,0.00,4800220504250,,,Y,Y,65.00,14.000,
tanduay-rhum-65p-750,10122,TANDUAY RHUM 65P 750,DRINKS,,N,,,,,,,0.00,4800220504151,,,Y,Y,150.00,1.000,
tanduay-select-700ml,980000039,TANDUAY SELECT 700ML,DRINKS,,N,,,,,,,138.59,4800220604752,,,Y,Y,155.00,5.000,5.000
tang-dalandan,10417,TANG DALANDAN,FOOD,,N,,,,,,,19.85,7622300858575,,,Y,Y,26.00,12.000,
tang-lychee,10418,TANG LYCHEE,FOOD,,N,,,,,,,20.70,8850338027895,,,Y,Y,27.00,11.000,
tang-mixed-berries,10419,TANG MIXED BERRIES,FOOD,,N,,,,,,,20.80,8850338024580,,,Y,Y,27.00,11.000,
tang-orange,10420,TANG ORANGE,FOOD,,N,,,,,,,19.95,7622300559991,,,Y,Y,26.00,12.000,
tattoos-corn-chips-bbq-58g,10390,TATTOOS CORN CHIPS BBQ 58G,SNACKS,,N,,,,,,,7.65,,,,Y,Y,12.25,3.000,
tattoos-corn-chips-bbq-58g-1,10390Q,TATTOOS CORN CHIPS BBQ 58G,SNACKS,,N,,,,,,,7.65,4806521795922,,,Y,Y,12.25,8.000,
tattoos-crnchps-cheese,10161,TATTOOS CORN CHIPS CHEESE 58G,SNACKS,,N,,,,,,,10.50,4806521795915,,,Y,Y,12.25,14.000,
tattoos-crnchps-swtcrn,10160,TATTOOS CORN CHIPS SWEET CORN 58G,SNACKS,,N,,,,,,,10.50,4806521795908,,,Y,Y,12.25,3.000,
tattoos-corn-tube-60g,10396,TATTOOS CORN TUBE PIZZA 60G,SNACKS,,N,,,,,,,10.90,4806521790750,,,Y,Y,14.98,3.000,
tattoos-tube-pizza-60g,10397,TATTOOS TUBE SPICY PIZZA 60G,SNACKS,,N,,,,,,,10.90,,,,Y,Y,14.98,10.000,
tawas-barelab-50g,10267,TAWAS BARELAB 50G,BATH ESSENTIALS,,N,,,,,,,10.00,74575138,,,Y,Y,15.00,11.000,
tide-bar-w/-downy,10099,TIDE BAR W/ DOWNY,Cleaning/Laundry Supplies,,N,,,,,,,0.00,4902430800846,,,Y,Y,17.00,32.000,
tide-powder-jumbo-pack-deep-clean,980000024,TIDE POWDER JUMBO PACK DEEP CLEAN,Cleaning/Laundry Supplies,,N,,,,,,,15.12,4987176345684,,,Y,Y,19.98,25.000,
tide-powder-jumbo-pack-garden-bloom,980000023,TIDE POWDER JUMBO PACK GARDEN BLOOM,Cleaning/Laundry Supplies,,N,,,,,,,15.12,4902430831161,,,Y,Y,19.98,24.000,
today's-mixed-fruits-3kg,10468,TODAY'S MIXED FRUITS 3KG,FOOD,,N,,,,,,,320.00,4800024038548,,,Y,Y,340.00,2.000,
today's-mixed-fruits-836g,10469,TODAY'S MIXED FRUITS 836G,FOOD,,N,,,,,,,99.00,4800024558268,,,Y,Y,125.00,3.000,
toothpick,10046,TOOTHPICK,HOME ESSENTIALS,,N,,,,,,,0.00,6933961560259,,,N,Y,15.00,,
tortillos,98000058,TORTILLOS,SNACKS,,N,,,,,,,6.50,4800016138539,,,Y,Y,9.00,9.000,
train-choclait,98000103,TRAIN CHOCLAIT,SNACKS,,N,,,,,,,0.00,,,,Y,Y,variable,3.000,
train-choclait-1,98000104,TRAIN CHOCLAIT,SNACKS,,N,,,,,,,0.00,,,,Y,Y,variable,3.000,
train-choclait-2,98000105,TRAIN CHOCLAIT,SNACKS,,N,,,,,,,155.55,,,,Y,Y,185.00,2.000,
tropicana-twister-orange,10385,TROPICANA TWISTER ORANGE,,,N,,,,,,,25.37,,,,N,Y,30.00,,
tropicana-twister-orange-1,10385Q,TROPICANA TWISTER ORANGE,,,N,,,,,,,25.37,4803925051104,,,Y,Y,30.00,11.000,
ufc-coco-cream-400ml,10035,UFC COCO CREAM 400ML,FOOD,,N,,,,,,,0.00,4801668608210,,,Y,Y,74.00,4.000,
unilove-baby-wipes,10250,UNILOVE BABY WIPES,BABY ESSENTIALS,,N,,,,,,,46.33,4806525540771,,,Y,Y,79.50,17.000,
unilove-squalane-wipes,10249,UNILOVE SQUALANE WIPES,HOME ESSENTIALS,,N,,,,,,,24.50,4806525547121,,,Y,Y,40.00,1.000,
v-cut-cheese-flavor-25g,98000061,VCUT CHEESE FLAVOR 25G,SNACKS,,N,,,,,,,14.25,4800016603259,,,Y,Y,20.25,6.000,
vcut-cheese-flavor-60g,98000063,VCUT CHEESE FLAVOR 60G,SNACKS,,N,,,,,,,31.95,4800016603266,,,Y,Y,41.50,6.000,
vcut-spicy-barbeque,10317@,VCUT SPICY BARBEQUE 25G,SNACKS,,N,,,,,,,16.00,4800016622533,,,Y,Y,20.25,8.000,
vcut-spicy-barbeque-60g,10246,VCUT SPICY BARBEQUE 60G,SNACKS,,N,,,,,,,31.95,4800016625534,,,Y,Y,41.50,7.000,
veneranda-holiday-pancit-canton,10461,VENERANDA HOLIDAY PANCIT CANTON,FOOD,,N,,,,,,,55.50,4809011532861,,,Y,Y,65.00,3.000,
vino-kulafu-350,10119,VINO KULAFU 350,DRINKS,,N,,,,,,,43.90,4800130300515,,,Y,Y,50.00,6.000,
vitamilk(doublechoco)-300ml,98000108,VITAMILK(DOUBLECHOCO) 300ML,DRINKS,,N,,,,,,,29.50,8851028002505,,,Y,Y,35.00,9.000,3.000
whisper--floral,10077,WHISPER  FLORAL,FEMININE CARE,<p>PINK</p>,N,,,,,,,0.00,4902430293426,,,Y,Y,50.00,3.000,
whisper-night-8pcs,10079,WHISPER NIGHT 8PCS,FEMININE CARE,,N,,,,,,,0.00,4902430867122,,,Y,Y,75.00,2.000,
white-sugar-1/4,10058,WHITE SUGAR 1/4,FOOD,,N,,,,,,,0.00,,,,Y,Y,24.00,18.000,
white-sugar-1kg,10059,WHITE SUGAR 1KG,FOOD,,N,,,,,,,0.00,,,,Y,Y,90.00,1.000,
wilkins-pure-1l,98000048,WILKINS PURE 1L,DRINKS,,N,,,,,,,15.91,4801981119981,,,Y,Y,25.00,-1.000,5.000
wilkins-pure-500,98000047,WILKINS PURE 500,DRINKS,,N,,,,,,,9.37,4801981107971,,,Y,Y,15.00,23.000,10.000
wings-powder-57g,10104,WINGS POWDER BLUE 57G,Cleaning/Laundry Supplies,,N,,,,,,,0.00,8998866800808,,,Y,Y,8.00,42.000,
winston-kaha,98000115,WINSTON RED KAHA,,,N,,,,,,,184.00,48040594,,,Y,Y,215.00,3.000,
winston-stick,98000117,WINSTON RED STICK,CIGARETTE,,N,,,,,,,9.10,48040594,,,Y,Y,12.00,-4.000,1.000
winston-white-kaha,98000118,WINSTON WHITE KAHA,,,N,,,,,,,184.00,,,,Y,Y,220.00,4.000,
winston-white-stick,98000116,WINSTON WHITE STICK,,,N,,,,,,,9.92,,,,Y,Y,12.00,19.000,
xsakto-8g,10412,XSAKTO 8G,SNACKS,,N,,,,,,,0.98,4806511010844,,,Y,Y,2.00,24.000,
yakult,10193,YAKULT,DRINKS,,N,,,,,,,10.00,054028367911,,,Y,Y,15.00,20.000,
youmei-ballpen,10301,YOUMEI BALLPEN,SCHOOL SUPPLIES,,N,,,,,,,7.00,6932808780027,,,Y,Y,10.00,12.000,
zonrox-lemon-250,10009,ZONROX LEMON 250,Cleaning/Laundry Supplies,<p>250ML</p>,N,,,,,,,0.00,4800047840289,,,Y,Y,27.00,24.000,
zonrox-orig-100,10008,ZONROX ORIG 100,Cleaning/Laundry Supplies,<p>100ML</p>,N,,,,,,,0.00,4800047840043,,,Y,Y,12.00,35.000,5.000
zonrox-orig-1l,10010,ZONROX ORIG 1L,Cleaning/Laundry Supplies,<p>1L</p>,N,,,,,,,0.00,4800047840012,,,Y,Y,62.00,20.000,
zonrox-orig-250,10015,ZONROX ORIG 250,Cleaning/Laundry Supplies,<p>250ML</p>,N,,,,,,,0.00,4800047840036,,,Y,Y,26.00,18.000,0.000
zonrox-orig-500,10014,ZONROX ORIG 500,Cleaning/Laundry Supplies,<p>500ML</p>,N,,,,,,,0.00,4800047840029,,,Y,Y,35.50,4.000,
zonroxcsafe225,10011,ZONROXCSAFE225,Cleaning/Laundry Supplies,<p>225ML</p>,N,,,,,,,0.00,4800047841729,,,Y,Y,38.50,15.000,
zonroxcsafe95,10012,ZONROXCSAFE95,Cleaning/Laundry Supplies,<p>95ML</p>,N,,,,,,,0.00,4800047841781,,,Y,Y,15.00,20.000,5.000
zonroxlemon500,10013,ZONROXLEMON500,Cleaning/Laundry Supplies,<p>500ML</p>,N,,,,,,,0.00,4800047840272,,,Y,Y,35.50,15.000,
